Price,Adj Close,Close,High,Low,Open,Volume
Ticker,NVDA,NVDA,NVDA,NVDA,NVDA,NVDA
Date,Adj Close,Close,High,Low,Open,Volume
23/08/2021,21.88230896,21.95800018,21.99699974,20.95000076,20.97100067,575807000
24/08/2021,21.71788216,21.79299927,21.95899963,21.53499985,21.75300026,297299000
25/08/2021,22.13642883,22.21299934,22.46999931,21.72200012,21.73699951,347701000
26/08/2021,21.99193001,22.06800079,22.34000015,21.79000092,22.20000076,237940000
27/08/2021,22.55797195,22.63599968,22.72200012,22.16699982,22.18400002,304722000
30/08/2021,22.60979843,22.68799973,23.04299927,22.5510006,22.82999992,262580000
31/08/2021,22.31177139,22.38500023,22.69499969,22.12000084,22.69499969,259850000
01/09/2021,22.36758995,22.44099998,22.6970005,22.35700035,22.48500061,201767000
02/09/2021,22.32274055,22.39599991,22.59300041,22.29500008,22.51799965,187834000
03/09/2021,22.7682724,22.84300041,22.98600006,22.20000076,22.32500076,280532000
07/09/2021,22.58787155,22.66200066,22.89900017,22.52199936,22.83300018,198107000
08/09/2021,22.26592445,22.3390007,22.61000061,21.97699928,22.51300049,254434000
09/09/2021,22.10445786,22.17700005,22.53800011,22.13100052,22.31200027,196856000
10/09/2021,22.40447044,22.47800064,22.62599945,22.27000046,22.34799957,248376000
13/09/2021,22.07953644,22.15200043,22.9640007,21.8579998,22.68400002,297500000
14/09/2021,22.16924286,22.24200058,22.40999985,22.08600044,22.27499962,199755000
15/09/2021,22.26791573,22.3409996,22.36700058,21.9659996,22.30900002,166538000
16/09/2021,22.16924286,22.24200058,22.27700043,21.92700005,22.18300056,156033000
17/09/2021,21.8283577,21.89999962,22.32099915,21.82999992,22.29999924,294503000
20/09/2021,21.04393578,21.11300087,21.43300056,20.66200066,21.14599991,349440000
21/09/2021,21.17649841,21.24600029,21.42499924,20.95000076,21.41699982,204688000
22/09/2021,21.86922073,21.94099998,21.95999908,21.19599915,21.36599922,268726000
23/09/2021,22.4084568,22.48200035,22.53499985,21.88999939,22.13999939,248555000
24/09/2021,22.00876617,22.08099937,22.14900017,21.86100006,22.06999969,217655000
27/09/2021,21.58914185,21.65999985,21.79899979,21.32500076,21.70999908,245215000
28/09/2021,20.63128662,20.6989994,21.41900063,20.65099907,21.2140007,343069000
29/09/2021,20.44988632,20.5170002,21.0170002,20.46699905,20.94000053,218394000
30/09/2021,20.64823341,20.7159996,21.06599998,20.68799973,20.76799965,221009000
01/10/2021,20.67415237,20.74200058,20.85899925,20.20299911,20.75,240978000
04/10/2021,19.66745377,19.73200035,20.54199982,19.55500031,20.50399971,345635000
05/10/2021,20.38410187,20.45100021,20.64800072,19.85400009,19.95000076,279282000
06/10/2021,20.63228416,20.70000076,20.71999931,20.07999992,20.12000084,297202000
07/10/2021,21.00605774,21.07500076,21.3220005,20.97200012,21.09199905,256919000
08/10/2021,20.76286125,20.83099937,21.20599937,20.77499962,21.10099983,151258000
11/10/2021,20.62730408,20.69499969,21.06299973,20.51099968,20.57500076,163388000
12/10/2021,20.6033783,20.67099953,21.05699921,20.52799988,20.82799911,162134000
13/10/2021,20.87050056,20.93899918,20.98999977,20.71299934,20.91799927,180652000
14/10/2021,21.67486763,21.74600029,21.75499916,21.12199974,21.28800011,243589000
15/10/2021,21.79048729,21.86199951,21.93099976,21.66200066,21.80999947,226994000
18/10/2021,22.14931107,22.22200012,22.29100037,21.6439991,21.74900055,189494000
19/10/2021,22.2170887,22.29000092,22.37899971,22.03700066,22.27599907,161473000
20/10/2021,22.03069305,22.10300064,22.43300056,21.98200035,22.30500031,146276000
21/10/2021,22.61776924,22.69199944,22.71100044,22.08300018,22.09700012,187590000
22/10/2021,22.65165901,22.72599983,23.12999916,22.56100082,22.82299995,249384000
25/10/2021,23.09022141,23.16600037,23.35499954,22.77000046,22.97299957,230235000
26/10/2021,24.63614464,24.71699905,25.25900078,23.92399979,23.98900032,485898000
27/10/2021,24.37101746,24.45100021,25.09000015,24.28199959,24.47400093,245990000
28/10/2021,24.85941505,24.94099998,24.95000076,24.52300072,24.87800026,234204000
29/10/2021,25.48336029,25.56699944,25.70899963,25,25.00099945,292503000
01/11/2021,25.74251747,25.82699966,25.8939991,25.22699928,25.64900017,265740000
02/11/2021,26.31463432,26.40099907,26.6779995,25.79999924,25.8220005,294112000
03/11/2021,26.51099014,26.59799957,26.7840004,26.23500061,26.67000008,239910000
04/11/2021,29.7035141,29.8010006,31.36499977,27.11800003,27.22900009,1153631000
05/11/2021,29.65467072,29.75200081,31.39999962,29.40999985,30.18700027,851260000
08/11/2021,30.70323563,30.80400085,31.10000038,29.90699959,30.14900017,503101000
09/11/2021,30.5567131,30.65699959,32.31000137,29.9640007,32.2820015,646746000
10/11/2021,29.36263657,29.45899963,30.85000038,28.77799988,29.3560009,636206000
11/11/2021,30.29058456,30.38999939,30.59000015,29.77700043,30.46800041,332172000
12/11/2021,30.29058456,30.38999939,30.68000031,29.62999916,30.01000023,413054000
15/11/2021,29.92678261,30.02499962,30.6439991,29.24699974,30.55200005,384909000
16/11/2021,30.10419464,30.20299911,30.38999939,29.70599937,29.75900078,264484000
17/11/2021,29.1652813,29.26099968,30.50900078,28.79999924,30.41799927,428508000
18/11/2021,31.57138634,31.67499924,32.75999832,31.32099915,32.36700058,781711000
19/11/2021,32.87709808,32.98500061,33.08800125,31.90500069,32.24300003,533867000
22/11/2021,31.85146141,31.95599937,34.64699936,31.89999962,33.51699829,754335000
23/11/2021,31.64214897,31.74600029,32.36000061,30.87999916,31.53499985,532163000
24/11/2021,32.56711578,32.67399979,32.85499954,30.9279995,31.46100044,435162000
26/11/2021,31.39994621,31.50300026,32.70999908,31.35000038,32.59999847,283069000
29/11/2021,33.26681137,33.37599945,33.41199875,32.0359993,32.36600113,454964000
30/11/2021,32.56911087,32.67599869,33.35300064,31.86400032,33.16899872,622066000
01/12/2021,31.33600616,31.43499947,33.28900146,31.37999916,33.21900177,484368000
02/12/2021,32.02482986,32.12599945,32.47800064,31.02499962,31.2140007,472890000
03/12/2021,30.59634781,30.69300079,32.12900162,30.12999916,32,544325000
06/12/2021,29.94240379,30.03700066,30.24099922,28.03800011,29.87999916,658938000
07/12/2021,32.32487869,32.42699814,32.44900131,30.65099907,30.95700073,593053000
08/12/2021,31.72577477,31.82600021,32.29000092,31.42099953,31.99900055,475551000
09/12/2021,30.39398384,30.48999977,32.20500183,30.4279995,31.73399925,488507000
10/12/2021,30.10289955,30.19799995,31.30500031,29.86100006,31.14999962,488825000
13/12/2021,28.07231522,28.1609993,30.29400063,28.11599922,30.24900055,598344000
14/12/2021,28.24775505,28.33699989,28.6779995,27.25,27.6989994,667035000
15/12/2021,30.36307907,30.45899963,30.5,27.83799934,28.39999962,698297000
16/12/2021,28.29760742,28.38699913,31.15999985,28.09300041,31.15200043,707366000
17/12/2021,27.71344948,27.8010006,28.92200089,27.76000023,27.98500061,713758000
20/12/2021,27.63170624,27.71899986,28.1439991,27.14500046,27.30500031,461847000
21/12/2021,28.98343468,29.07500076,29.12000084,27.40099907,28.37400055,524385000
22/12/2021,29.3074131,29.39999962,29.55500031,28.4489994,28.89100075,395184000
23/12/2021,29.54665565,29.63999939,30.05900002,29.43099976,29.75499916,343022000
27/12/2021,30.84754562,30.94499969,31.08699989,29.63999939,29.65999985,403686000
28/12/2021,30.22650909,30.3220005,31.32999992,30.01199913,31.31200027,420591000
29/12/2021,29.90652275,30.00099945,30.54800034,29.36599922,30.27300072,343139000
30/12/2021,29.49282646,29.58600044,30.45700073,29.54000092,29.82699966,308864000
31/12/2021,29.31837845,29.4109993,30.03000069,29.33099937,29.67399979,266530000
03/01/2022,30.02614403,30.12100029,30.71100044,29.78499985,29.81500053,391547000
04/01/2022,29.19776154,29.29000092,30.46800041,28.34900093,30.27700043,527154000
05/01/2022,27.51707077,27.60400009,29.41600037,27.53300095,28.9489994,498064000
06/01/2022,28.08926201,28.1779995,28.43799973,27.06500053,27.63999939,454186000
07/01/2022,27.16118813,27.24699974,28.42200089,27.05699921,28.14100075,409939000
10/01/2022,27.31371307,27.39999962,27.46899986,25.6439991,26.58099937,594681000
11/01/2022,27.72939682,27.81699944,28.06500053,26.8390007,27.32299995,404089000
12/01/2022,27.91082764,27.99900055,28.59499931,27.6079998,28.06699944,383413000
13/01/2022,26.49131012,26.57500076,28.47999954,26.49799919,28.37899971,540171000
14/01/2022,26.85714912,26.94199944,27.1970005,26.20999908,26.29999924,395832000
18/01/2022,25.82142448,25.90299988,26.63800049,25.77000046,26.26000023,424270000
19/01/2022,24.98806,25.06699944,26.54299927,25.05200005,26.07900047,488315000
20/01/2022,24.073946,24.14999962,25.57900047,24.07799911,25.30400085,435181000
21/01/2022,23.30038643,23.37400055,24.82299995,23.26300049,23.50699997,718958000
24/01/2022,23.29839516,23.37199974,23.37999916,20.88800049,22.32999992,913982000
25/01/2022,22.25369644,22.3239994,22.94300079,22,22.54599953,664616000
26/01/2022,22.70028496,22.77199936,24.05699921,22.29999924,23.23999977,755959000
27/01/2022,21.874897,21.94400024,23.99500084,21.67499924,23.56800079,573353000
28/01/2022,22.76807213,22.84000015,22.8579998,21.29599953,22.01199913,543774000
31/01/2022,24.40889168,24.48600006,24.50900078,23.05200005,23.18199921,564680000
01/02/2022,24.56041336,24.63800049,25.14500046,23.88999939,25.10400009,518925000
02/02/2022,25.16250801,25.24200058,25.81699944,24.5529995,25.79400063,543419000
03/02/2022,23.87258339,23.94799995,25.07699966,23.78000069,24.45800018,410178000
04/02/2022,24.24241829,24.31900024,24.63500023,23.63199997,23.97200012,354829000
07/02/2022,24.65012741,24.72800064,25.18199921,24.20199966,24.37199974,376868000
08/02/2022,25.02893066,25.1079998,25.22999954,23.97999954,24.35899925,410359000
09/02/2022,26.62090111,26.70499992,26.72500038,25.35300064,25.62199974,524282000
10/02/2022,25.74267578,25.8239994,26.92499924,25.60000038,25.99500084,513200000
11/02/2022,23.8735733,23.9489994,26.15200043,23.77300072,25.91600037,605472000
14/02/2022,24.19057846,24.2670002,24.875,23.75499916,23.93400002,440424000
15/02/2022,26.41155815,26.49500084,26.54500008,24.7840004,24.9489994,699869000
16/02/2022,26.42751312,26.51099968,26.58200073,25.55200005,26.25900078,732676000
17/02/2022,24.42982101,24.50699997,25.78499985,24.16500092,25.62999916,810595000
18/02/2022,23.56755066,23.6420002,24.98600006,23.10000038,24.66799927,761255000
22/02/2022,23.31633949,23.38999939,24.06399918,23,23.03499985,633422000
23/02/2022,22.31649971,22.38699913,24.15500069,22.3010006,23.80200005,566511000
24/02/2022,23.67320633,23.74799919,23.79999924,20.88999939,21.01499939,735801000
25/02/2022,24.0809288,24.15699959,24.21699905,23.38100052,23.72100067,528866000
28/02/2022,24.30820465,24.38500023,24.66500092,23.70700073,23.99200058,477319000
01/03/2022,23.40306282,23.47699928,24.37700081,23.13199997,24.29100037,412056000
02/03/2022,24.1478405,24.21999931,24.4090004,23.41500092,23.75600052,389642000
03/03/2022,23.6433506,23.7140007,24.32600021,23.46899986,24.26199913,365095000
04/03/2022,22.86766624,22.93600082,23.68000031,22.48200035,23.38400078,431415000
07/03/2022,21.28838348,21.35199928,23.03300095,21.32999992,22.81699944,450821000
08/03/2022,21.44990349,21.51399994,22.37299919,20.64999962,21.30900002,557467000
09/03/2022,22.94543457,23.01399994,23.21999931,22.24699974,22.38699913,492742000
10/03/2022,22.59049606,22.65800095,22.78800011,21.88199997,22.53100014,428066000
11/03/2022,22.0341568,22.10000038,23.14500046,22.04599953,23.02199936,367209000
14/03/2022,21.26644516,21.32999992,22.26199913,21.1590004,21.86899948,385354000
15/03/2022,22.90455627,22.97299957,23.03800011,21.3220005,21.51799965,491996000
16/03/2022,24.4230175,24.49600029,24.59700012,23.17200089,23.5,671422000
17/03/2022,24.69221115,24.76600075,24.84199905,23.90600014,24.12000084,471941000
18/03/2022,26.37418365,26.45299911,26.56900024,24.62400055,24.79899979,730719000
21/03/2022,26.65435219,26.73399925,27.15200043,25.96699905,26.50699997,591727000
22/03/2022,26.4449749,26.52400017,27.23800087,26.0720005,26.72699928,547007000
23/03/2022,25.55763245,25.63400078,26.61199951,25.57500076,26.12599945,502120000
24/03/2022,28.06613159,28.14999962,28.31999969,25.90699959,26.16600037,877379000
25/03/2022,27.60949707,27.69199944,28.3579998,27.27099991,27.88599968,579016000
28/03/2022,28.13492584,28.21899986,28.25,27.20599937,27.75600052,425494000
29/03/2022,28.5706234,28.65600014,28.94599915,27.97999954,28.69499969,488984000
30/03/2022,27.60750198,27.69000053,28.49600029,27.50300026,28.30400085,463487000
31/03/2022,27.20470428,27.2859993,28.24799919,27.27000046,27.78199959,523440000
01/04/2022,26.63241768,26.71199989,27.49600029,26.2670002,27.375,517235000
04/04/2022,27.27848434,27.36000061,27.55800056,26.61300087,26.72800064,397120000
05/04/2022,25.85373878,25.93099976,27.31900024,25.81999969,27.25399971,436615000
06/04/2022,24.33428383,24.40699959,25.29999924,24.00300026,24.93400002,703833000
07/04/2022,24.1358757,24.20800018,24.72200012,23.47800064,24.44099998,557992000
08/04/2022,23.05011559,23.11899948,23.92300034,23.06200027,23.91699982,524781000
11/04/2022,21.85169983,21.91699982,22.31999969,21.65999985,22.2140007,575207000
12/04/2022,21.43993378,21.50399971,22.72500038,21.28199959,22.53700066,662258000
13/04/2022,22.13685036,22.20299911,22.5,21.45499992,21.72800064,516943000
14/04/2022,21.194664,21.25799942,22.77700043,21.16300011,22.50499916,569097000
18/04/2022,21.7181015,21.78300095,22.08799934,21.07900047,21.20000076,525701000
19/04/2022,22.13186646,22.19799995,22.37299919,21.31399918,21.71999931,512781000
20/04/2022,21.41799736,21.48200035,22.67000008,21.20000076,22.5170002,468974000
21/04/2022,20.12286758,20.18300056,22.3920002,20,21.70899963,656209000
22/04/2022,19.45685768,19.51499939,20.48600006,19.5,20.3029995,624713000
25/04/2022,19.84270287,19.90200043,19.94499969,19.09600067,19.20199966,641566000
26/04/2022,18.73201942,18.78800011,19.78800011,18.67000008,19.71800041,653143000
27/04/2022,18.36013794,18.41500092,19.16699982,18.29000092,18.59799957,499460000
28/04/2022,19.72306442,19.78199959,20.03700066,18.48999977,18.96699905,570327000
29/04/2022,18.49174309,18.54700089,20.12800026,18.5170002,19.40200043,500435000
02/05/2022,19.47480774,19.53300095,19.5739994,18.39100075,18.54100037,572049000
03/05/2022,19.54359818,19.60199928,19.82500076,19.13299942,19.39999962,475751000
04/05/2022,20.27342033,20.33399963,20.39999962,18.75099945,19.92300034,648855000
05/05/2022,18.78785515,18.84399986,19.92499924,18.5,19.86700058,626331000
06/05/2022,18.61936378,18.67499924,19.51199913,17.98999977,18.73600006,633297000
09/05/2022,16.89949989,16.95000076,18.25499916,16.82699966,18.0340004,644455000
10/05/2022,17.54257774,17.59499931,18.19799995,17.02499962,17.68899918,761474000
11/05/2022,16.58045006,16.62999916,17.75300026,16.56800079,17.34700012,670167000
12/05/2022,16.12680817,16.17499924,16.78800011,15.56700039,16.21899986,708728000
13/05/2022,17.65324783,17.70599937,17.9279995,16.59300041,16.78800011,670437000
16/05/2022,17.21256256,17.26399994,17.78800011,17.1060009,17.50900078,521446000
17/05/2022,18.12284279,18.17700005,18.37100029,17.63400078,18.0739994,585830000
18/05/2022,16.8875351,16.93799973,18.11800003,16.86400032,17.70499992,545161000
19/05/2022,17.0729847,17.12400055,17.68700027,16.73399925,16.93700027,621310000
20/05/2022,16.64426422,16.69400024,17.40999985,15.75500011,17.33200073,739105000
23/05/2022,16.84765625,16.89800072,16.91500092,16.17900085,16.27400017,639889000
24/05/2022,16.10586929,16.15399933,16.59700012,15.77999973,16.51000023,588550000
25/05/2022,16.92442703,16.97500038,17.11100006,16,16.02000046,781132000
26/05/2022,17.79781532,17.85099983,18.09199905,16.02199936,16.0359993,996575000
27/05/2022,18.75495529,18.81100082,18.88100052,18.10000038,18.18600082,738379000
31/05/2022,18.61637115,18.67200089,19.20000076,18.35000038,18.97999954,664100000
01/06/2022,18.2654171,18.31999969,19.0529995,18.12199974,18.72400093,544514000
02/06/2022,19.53362656,19.59199905,19.61899948,18.19799995,18.29199982,648656000
03/06/2022,18.66422653,18.71999931,19.33200073,18.52199936,19.08200073,598779000
06/06/2022,18.73003387,18.7859993,19.33699989,18.56399918,19.13899994,422406000
07/06/2022,18.86961746,18.9260006,19,18.18799973,18.47200012,388914000
08/06/2022,18.5963726,18.64800072,19.18000031,18.53499985,18.79899979,363252000
09/06/2022,17.99802971,18.04800034,18.93300056,18.04100037,18.4810009,395574000
10/06/2022,16.92700768,16.97400093,17.6970005,16.86899948,17.60000038,465248000
13/06/2022,15.60367966,15.64700031,16.31200027,15.60599995,16,604153000
14/06/2022,15.79216003,15.83600044,16.06599998,15.4119997,15.73099995,469680000
15/06/2022,16.48124123,16.52700043,16.86800003,15.92599964,16.09499931,563936000
16/06/2022,15.55780888,15.60099983,15.94200039,15.40100002,15.85999966,545749000
17/06/2022,15.83603668,15.88000011,15.99499989,15.32800007,15.64799976,630334000
21/06/2022,16.52013779,16.56599998,17.00799942,16.40699959,16.47500038,483089000
22/06/2022,16.31470871,16.36000061,16.66200066,16.18000031,16.22599983,437135000
23/06/2022,16.18008041,16.22500038,16.58499908,15.85299969,16.5189991,463680000
24/06/2022,17.07858467,17.12599945,17.13999939,16.30999947,16.5,472153000
27/06/2022,16.82229805,16.86899948,17.32999992,16.62599945,17.31200027,427968000
28/06/2022,15.93775272,15.98200035,17.20199966,15.94499969,16.89999962,461149000
29/06/2022,15.49897003,15.54199982,15.81999969,15.17000008,15.81400013,482352000
30/06/2022,15.11703205,15.1590004,15.56700039,14.86200047,15.36100006,686070000
01/07/2022,14.48279476,14.52299976,15.06299973,14.3920002,14.89900017,577610000
05/07/2022,14.92257118,14.96399975,14.97099972,14.05500031,14.17500019,651397000
06/07/2022,15.08811188,15.13000011,15.31900024,14.78899956,15.01000023,529066000
07/07/2022,15.81409645,15.8579998,15.94499969,15.38899994,15.45600033,492903000
08/07/2022,15.79415035,15.8380003,16.03700066,15.38899994,15.43000031,467972000
11/07/2022,15.11005116,15.15200043,15.52700043,15.03800011,15.52600002,437321000
12/07/2022,15.0402422,15.08199978,15.43099976,14.87699986,15.26799965,458483000
13/07/2022,15.122015,15.16399956,15.375,14.46500015,14.59000015,521918000
14/07/2022,15.32944202,15.37199974,15.47299957,14.72799969,15.1079998,456235000
15/07/2022,15.71836281,15.76200008,15.78199959,15.44499969,15.6590004,385935000
18/07/2022,16.05642319,16.10099983,16.89699936,16.00200081,16.30200005,670517000
19/07/2022,16.94495773,16.99200058,17.11000061,16.17200089,16.48600006,702366000
20/07/2022,17.75770187,17.80699921,17.93300056,16.8010006,16.9470005,760538000
21/07/2022,18.00002289,18.04999924,18.1439991,17.54500008,17.88500023,557049000
22/07/2022,17.27104759,17.31900024,17.96699905,17.13699913,17.89299965,536671000
25/07/2022,16.97686768,17.02400017,17.12400055,16.64900017,17.0189991,480748000
26/07/2022,16.48722649,16.53300095,16.91900063,16.47800064,16.88899994,397865000
27/07/2022,17.74074554,17.79000092,17.93600082,16.91300011,17.03199959,569776000
28/07/2022,17.93420792,17.98399925,18.13999939,17.44000053,17.97500038,474646000
29/07/2022,18.11271477,18.16300011,18.24399948,17.69199944,17.81299973,435460000
01/08/2022,18.38994217,18.44099998,18.84600067,17.98999977,18.18199921,476469000
02/08/2022,18.47470856,18.52599907,18.93799973,18.09199905,18.12199974,489527000
03/08/2022,18.84069061,18.89299965,18.96800041,18.13699913,18.18400002,418146000
04/08/2022,19.16179848,19.21500015,19.27400017,18.76000023,18.84900093,409652000
05/08/2022,18.93643188,18.98900032,19.22900009,18.66600037,18.80999947,386068000
08/08/2022,17.74373436,17.79299927,18.23900032,17.24200058,17.50200081,981859000
09/08/2022,17.0386982,17.08600044,17.4470005,16.72400093,17.25200081,668263000
10/08/2022,18.04689789,18.09700012,18.11800003,17.31699944,17.69799995,597422000
11/08/2022,17.89232445,17.94199944,18.70700073,17.87599945,18.13100052,509327000
12/08/2022,18.65720367,18.70899963,18.71800041,17.95299911,18.15999985,478094000
15/08/2022,18.97930527,19.03199959,19.16399956,18.61300087,18.70100021,457666000
16/08/2022,18.82673264,18.87899971,19.1420002,18.50099945,18.92000008,451240000
17/08/2022,18.284235,18.33499908,18.68799973,18.14500046,18.52300072,446799000
18/08/2022,18.72102547,18.77300072,18.86499977,18.18300056,18.3010006,415447000
19/08/2022,17.79958344,17.84900093,18.52000046,17.77000046,18.40600014,441588000
22/08/2022,16.9868412,17.0340004,17.55800056,16.9659996,17.48999977,409593000
23/08/2022,17.13343239,17.18099976,17.46500015,16.96999931,16.98900032,369986000
24/08/2022,17.17431831,17.22200012,17.40600014,16.89500046,17.01199913,522661000
25/08/2022,17.86340714,17.91300011,17.9470005,16.83300018,16.84399986,770691000
26/08/2022,16.21498299,16.26000023,17.92399979,16.23699951,17.85700035,769127000
29/08/2022,15.75725269,15.80099964,16.33799934,15.7670002,16.02000046,496132000
30/08/2022,15.42517281,15.46800041,16.03899956,15.18200016,15.96000004,530181000
31/08/2022,15.05220985,15.09399986,15.53999996,14.95899963,15.38399982,573710000
01/09/2022,13.89841747,13.93700027,14.38000011,13.27000046,14.20899963,1178865000
02/09/2022,13.6092186,13.64700031,14.17099953,13.5909996,14.10000038,743157000
06/09/2022,13.42772102,13.46500015,13.77900028,13.35099983,13.73099995,535751000
07/09/2022,13.68009472,13.71399975,13.8380003,13.34599972,13.56299973,512657000
08/09/2022,13.95541286,13.98999977,14.00800037,13.36900043,13.45899963,624873000
09/09/2022,14.35143185,14.38700008,14.47399998,14.1260004,14.15699959,486612000
12/09/2022,14.46914291,14.50500011,14.54699993,14.19799995,14.36900043,484159000
13/09/2022,13.0985384,13.13099957,13.92199993,13.09899998,13.80200005,714956000
14/09/2022,13.09554482,13.12800026,13.28999996,12.91300011,13.25399971,588507000
15/09/2022,12.89703751,12.9289999,13.2329998,12.78999996,13.01500034,523625000
16/09/2022,13.16537094,13.19799995,13.21199989,12.61699963,12.74199963,670751000
19/09/2022,13.34891701,13.38199997,13.4630003,13.01000023,13.01200008,569685000
20/09/2022,13.14342594,13.17599964,13.4829998,13.05700016,13.21500015,524818000
21/09/2022,13.22821522,13.26099968,14.03100014,13.10999966,13.2130003,807679000
22/09/2022,12.52994633,12.56099987,13.14900017,12.42800045,13.06999969,759162000
23/09/2022,12.48505783,12.51599979,12.61100006,12.25699997,12.42000008,663309000
26/09/2022,12.19776821,12.22799969,12.6590004,12.21399975,12.49100018,547343000
27/09/2022,12.38231087,12.41300011,12.73600006,12.25800037,12.50699997,553854000
28/09/2022,12.7045126,12.73600006,12.82299995,12.35400009,12.40999985,542414000
29/09/2022,12.18978882,12.22000027,12.5,11.9460001,12.44799995,532763000
30/09/2022,12.10898972,12.13899994,12.63300037,12.07499981,12.08699989,565638000
03/10/2022,12.48106766,12.51200008,12.67800045,12.10499954,12.34700012,547478000
04/10/2022,13.1344471,13.16699982,13.22000027,12.87899971,12.87899971,584182000
05/10/2022,13.17634296,13.20899963,13.3210001,12.62100029,12.91100025,507131000
06/10/2022,13.0975399,13.13000011,13.65600014,13.10299969,13.22000027,644157000
07/10/2022,12.04614449,12.07600021,12.67000008,12.02200031,12.50500011,672478000
10/10/2022,11.64114761,11.67000008,12.1239996,11.40799999,12.0369997,698699000
11/10/2022,11.55735493,11.58600044,11.84599972,11.28299999,11.56099987,667482000
12/10/2022,11.47156906,11.5,11.73499966,11.34500027,11.57900047,492590000
13/10/2022,11.93043137,11.96000004,12.07800007,10.81299973,10.97099972,850103000
14/10/2022,11.19924355,11.22700024,12.11100006,11.20400047,12.05700016,713432000
17/10/2022,11.85860729,11.88799953,11.94799995,11.5170002,11.51799965,580774000
18/10/2022,11.93741417,11.96700001,12.49199963,11.61800003,12.34399986,659362000
19/10/2022,12.02120781,12.05099964,12.35000038,11.83399963,11.87899971,523131000
20/10/2022,12.16385365,12.19400024,12.76900005,12.10499954,12.11299992,652398000
21/10/2022,12.43518162,12.4659996,12.49800014,11.88700008,12.09799957,609494000
24/10/2022,12.56785202,12.59899998,12.71000004,12.06400013,12.50800037,517457000
25/10/2022,13.22821522,13.26099968,13.30000019,12.66399956,12.69400024,505482000
26/10/2022,12.86411762,12.89599991,13.38799953,12.70800018,12.86900043,532953000
27/10/2022,13.14342594,13.17599964,13.8380003,13.12199974,13.63000011,583113000
28/10/2022,13.79979992,13.83399963,13.85000038,13.06099987,13.10400009,521040000
31/10/2022,13.46363258,13.49699974,13.8380003,13.29699993,13.77799988,486341000
01/11/2022,13.50951862,13.54300022,13.92500019,13.51900005,13.81099987,432817000
02/11/2022,13.1863203,13.21899986,14.21000004,13.21100044,13.85000038,672628000
03/11/2022,13.38782024,13.42099953,13.78100014,12.95600033,13.04300022,500065000
04/11/2022,14.12100315,14.15600014,14.22900009,13.69699955,13.98600006,612576000
07/11/2022,14.26564598,14.30099964,14.4119997,13.95400047,14.22799969,410061000
08/11/2022,14.56589985,14.60200024,14.89099979,14.2159996,14.80099964,595292000
09/11/2022,13.74194145,13.77600002,14.21100044,13.75899982,14.1619997,454414000
10/11/2022,15.71106148,15.75,15.77299976,14.54699993,14.80000019,700819000
11/11/2022,16.28663635,16.32699966,16.38899994,15.48200035,15.80700016,655487000
14/11/2022,16.25471115,16.29500008,16.54000092,15.92199993,16.21800041,527852000
15/11/2022,16.62479401,16.66600037,16.99799919,16.38199997,16.72200012,545876000
16/11/2022,15.8706665,15.90999985,16.36199951,15.87300014,16.16200066,649547000
17/11/2022,15.63824177,15.67700005,16.26600075,15.53499985,15.71500015,710894000
18/11/2022,15.37090683,15.4090004,16.00200081,15.11999989,15.9659996,492072000
21/11/2022,15.27913284,15.31700039,15.47700024,15.07999992,15.14700031,404739000
22/11/2022,15.9983511,16.03800011,16.05800056,15.12199974,15.32800007,472866000
23/11/2022,16.47816086,16.5189991,16.52700043,16.04800034,16.09799957,427241000
25/11/2022,16.22977638,16.27000046,16.48699951,16.17200089,16.31800079,167934000
28/11/2022,15.78787136,15.82699966,16.35700035,15.72500038,16.02599907,303741000
29/11/2022,15.60033798,15.63899994,15.93200016,15.52000046,15.82699966,298384000
30/11/2022,16.88548279,16.92300034,16.93000031,15.59700012,15.69699955,565298000
01/12/2022,17.09701157,17.13500023,17.26499939,16.63500023,16.99900055,470977000
02/12/2022,16.8385849,16.87599945,16.93300056,16.44499969,16.6590004,371389000
05/12/2022,16.57317734,16.61000061,16.99500084,16.47200012,16.67900085,352255000
06/12/2022,15.95155811,15.98700047,16.57299995,15.81900024,16.53000069,352694000
07/12/2022,16.08426285,16.12000084,16.18600082,15.66699982,15.77200031,372388000
08/12/2022,17.13093948,17.16900063,17.17900085,15.95899963,16.27300072,515456000
09/12/2022,16.96330833,17.00099945,17.58300018,16.97500038,17.15999985,465338000
12/12/2022,17.49612427,17.53499985,17.53800011,16.79700089,17.03700066,457328000
13/12/2022,18.03193092,18.0720005,18.79000092,17.71100044,18.53100014,656589000
14/12/2022,17.63482094,17.67399979,18.25200081,17.42000008,17.98699951,496888000
15/12/2022,16.91441536,16.95199966,17.31999969,16.70000076,17.14599991,478542000
16/12/2022,16.53425789,16.57099915,17.04100037,16.40999985,16.86400032,478232000
19/12/2022,16.21796227,16.25399971,16.60899925,16.14500046,16.5720005,354039000
20/12/2022,16.04933548,16.08499908,16.30999947,15.85200024,16.06399918,403260000
21/12/2022,16.4644146,16.50099945,16.62700081,16.10199928,16.11400032,325025000
22/12/2022,15.30499172,15.33899975,16.13800049,14.88199997,16.09399986,565045000
23/12/2022,15.17228985,15.20600033,15.33899975,14.88300037,15.1960001,349326000
27/12/2022,14.08969307,14.12100029,15.10000038,14.05599976,15.07400036,464902000
28/12/2022,14.00488281,14.03600025,14.26200008,13.88399982,13.92700005,351066000
29/12/2022,14.57062531,14.60299969,14.68299961,14.22700024,14.40200043,354923000
30/12/2022,14.58160114,14.61400032,14.62899971,14.2329998,14.33399963,310490000
03/01/2023,14.2832613,14.31499958,14.99600029,14.09599972,14.85099983,401277000
04/01/2023,14.71630192,14.7489996,14.85299969,14.24100018,14.56700039,431324000
05/01/2023,14.23337269,14.26500034,14.56400013,14.14799976,14.49100018,389168000
06/01/2023,14.82605648,14.85900021,15.01000023,14.0340004,14.47399998,405044000
09/01/2023,15.59335232,15.62800026,16.05599976,15.14099979,15.2840004,504231000
10/01/2023,15.87373066,15.9090004,15.96199989,15.47200012,15.50699997,384101000
11/01/2023,15.96552467,16.00099945,16.02799988,15.56299973,15.84000015,353285000
12/01/2023,16.47439384,16.51099968,16.63699913,15.49199963,16.10000038,551409000
13/01/2023,16.86153603,16.89900017,16.92200089,16.16500092,16.27799988,447287000
17/01/2023,17.66275597,17.70199966,17.72800064,16.89900017,16.89900017,511102000
18/01/2023,17.33847427,17.37700081,17.87299919,17.28199959,17.66699982,439624000
19/01/2023,16.72782898,16.76499939,17.1970005,16.7310009,17.0359993,452932000
20/01/2023,17.79945374,17.8390007,17.8560009,16.82500076,17.01099968,564967000
23/01/2023,19.15044975,19.19300079,19.24500084,17.81800079,18.06399918,655163000
24/01/2023,19.22228813,19.26499939,19.49500084,18.81999969,18.82699966,496204000
25/01/2023,19.2801609,19.32299995,19.37000084,18.57999992,18.91300011,449537000
26/01/2023,19.75809669,19.80200005,20.16600037,19.27799988,19.70100021,489535000
27/01/2023,20.31985283,20.36499977,20.62800026,19.40500069,19.46199989,542142000
30/01/2023,19.11951637,19.16200066,20.13999939,19.14999962,19.95000076,488611000
31/01/2023,19.49369049,19.53700066,19.68700027,18.95000076,19.17000008,498017000
01/02/2023,20.89657211,20.94300079,21.19199944,19.61100006,19.69099998,660477000
02/02/2023,21.66086578,21.70899963,21.9489994,20.70000076,21,564276000
03/02/2023,21.05322266,21.10000038,21.74500084,20.78899956,21,429366000
06/02/2023,21.04224777,21.0890007,21.56999969,20.7859993,20.80599976,452197000
07/02/2023,22.12384224,22.17300034,22.25900078,21.14999962,21.38199997,664150000
08/02/2023,22.15576935,22.20499992,22.87800026,22.00799942,22.38699913,559651000
09/02/2023,22.28748131,22.33699989,23.02000046,22.12000084,22.6060009,523876000
10/02/2023,21.21785355,21.26499939,22.07799911,20.81100082,21.69000053,550737000
13/02/2023,21.73969269,21.78800011,22.04800034,20.96199989,21.53800011,474919000
14/02/2023,22.92007446,22.97100067,23.04899979,21.36599922,21.57799911,675474000
15/02/2023,22.71352959,22.76399994,22.85499954,22.1060009,22.54899979,420575000
16/02/2023,21.95321846,22.00200081,22.54999924,21.92700005,22.13299942,412026000
17/02/2023,21.3405838,21.38800049,21.73999977,20.97500038,21.63100052,465888000
21/02/2023,20.60920525,20.65500069,21.49399948,20.61800003,21,410015000
22/02/2023,20.70798683,20.75399971,21.10400009,20.42099953,20.70700073,513184000
23/02/2023,23.61153412,23.66399956,23.88800049,23.02499962,23.44000053,1117995000
24/02/2023,23.234375,23.2859993,23.47400093,22.9470005,23.22500038,589716000
27/02/2023,23.44889832,23.50099945,23.87999916,23.45400047,23.67000008,452994000
28/02/2023,23.16453171,23.2159996,23.82500076,23.20599937,23.37199974,455963000
01/03/2023,22.64767647,22.69799995,23.25600052,22.50799942,23.19199944,460026000
02/03/2023,23.26231384,23.31399918,23.37999916,22.43199921,22.48800087,389415000
03/03/2023,23.83703423,23.88999939,23.89999962,23.12999916,23.31999969,412393000
06/03/2023,23.50178146,23.55400085,24.24799919,23.48699951,23.89100075,437429000
07/03/2023,23.24031448,23.28800011,24.125,23.24099922,23.60000038,515154000
08/03/2023,24.13148499,24.18099976,24.20000076,23.42399979,23.48699951,513573000
09/03/2023,23.38801193,23.43600082,24.45400047,23.38299942,24.17499924,501257000
10/03/2023,22.91798019,22.96500015,23.62700081,22.72599983,23.4090004,474866000
13/03/2023,22.91897964,22.9659996,23.29800034,22.29700089,22.75200081,421890000
14/03/2023,24.0137291,24.06299973,24.21899986,23.45999908,23.49600029,474910000
15/03/2023,24.1783905,24.22800064,24.2859993,23.36000061,23.76099968,524486000
16/03/2023,25.48870277,25.54100037,25.58799934,23.8939991,24.02700043,583253000
17/03/2023,25.67232132,25.72500038,26.39900017,25.66799927,25.98200035,848547000
20/03/2023,25.8469677,25.89999962,26.02400017,25.12999916,25.61499977,432747000
21/03/2023,26.14535713,26.1989994,26.3920002,25.38100052,26.18000031,547408000
22/03/2023,26.41380119,26.46800041,27.5890007,26.23699951,26.42499924,797295000
23/03/2023,27.13532448,27.19099998,27.49900055,26.69000053,27.11499977,564889000
24/03/2023,26.72416687,26.77899933,27.16699982,26.35499954,27.03100014,454920000
27/03/2023,26.47667503,26.53100014,27,26.36499977,26.83699989,361026000
28/03/2023,26.35592461,26.40999985,26.51300049,25.85000038,26.4470005,356104000
29/03/2023,26.92874718,26.98399925,27.07799911,26.59700012,26.82500076,393694000
30/03/2023,27.32692909,27.38299942,27.49900055,27.10199928,27.22900009,364516000
31/03/2023,27.7201252,27.77700043,27.83399963,27.10499954,27.13999939,433933000
03/04/2023,27.90773773,27.96500015,28,27.33600044,27.50900078,398716000
04/04/2023,27.39679146,27.45299911,28,27.30699921,27.9659996,368592000
05/04/2023,26.82596016,26.88100052,26.99799919,26.39500046,26.82900047,515015000
06/04/2023,26.98164177,27.03700066,27.07999992,26.42700005,26.58399963,397654000
10/04/2023,27.52253151,27.57900047,27.62100029,26.66900063,26.82299995,395279000
11/04/2023,27.1133709,27.16900063,27.79000092,27.12599945,27.72400093,314378000
12/04/2023,26.44074821,26.49500084,27.46800041,26.44799995,27.37000084,446259000
13/04/2023,26.40881348,26.46299934,26.88699913,26.32900047,26.73399925,353615000
14/04/2023,26.70320892,26.75799942,26.88299942,26.21999931,26.50399971,395660000
17/04/2023,26.94671059,27.00200081,27.00600052,26.43300056,26.56500053,321471000
18/04/2023,27.61035347,27.66699982,28.11000061,27.35700035,27.53300095,604812000
19/04/2023,27.87380981,27.93099976,28,27.23200035,27.36100006,358660000
20/04/2023,27.04850197,27.10400009,28.03000069,27,27.67099953,427713000
21/04/2023,27.06347084,27.11899948,27.18300056,26.72200012,26.95199966,345103000
24/04/2023,26.98663139,27.04199982,27.36599922,26.67099953,27.01300049,339282000
25/04/2023,26.18726921,26.24099922,27.24699974,26.22500038,27.07799911,378527000
26/04/2023,26.90080643,26.95599937,27.32999992,26.70499992,27.00200081,406337000
27/04/2023,27.17025375,27.22599983,27.49500084,26.625,27.36300087,377161000
28/04/2023,27.69218254,27.74900055,27.75799942,27.07099915,27.22500038,292216000
01/05/2023,28.85080528,28.90999985,29.05800056,27.78000069,27.84000015,570329000
02/05/2023,28.15223694,28.20999908,28.83600044,28.08300018,28.68000031,402730000
03/05/2023,27.74507713,27.80200005,28.36700058,27.47200012,27.84000015,383387000
04/05/2023,27.50556564,27.56200027,27.85899925,27.23999977,27.65099907,321850000
05/05/2023,28.62127686,28.68000031,28.75499916,27.7310009,27.82600021,361494000
08/05/2023,29.0913105,29.15099907,29.21999931,28.35000038,28.52199936,344979000
09/05/2023,28.51249695,28.57099915,28.97299957,28.45000076,28.89900017,314869000
10/05/2023,28.82585526,28.88500023,29.11300087,28.46100044,29.00499916,369350000
11/05/2023,28.51948357,28.57799911,28.95000076,28.24600029,28.89599991,322149000
12/05/2023,28.28197098,28.34000015,28.78000069,28.04599953,28.52899933,274222000
15/05/2023,28.89371681,28.95299911,28.96899986,28.15200043,28.50799942,293926000
16/05/2023,29.15318298,29.21299934,29.87000084,28.83200073,28.8409996,449405000
17/05/2023,30.11620712,30.1779995,30.1989994,29.43000031,29.58399963,432535000
18/05/2023,31.61313629,31.6779995,31.82799911,30.31999969,30.40999985,748725000
19/05/2023,31.1999836,31.26399994,31.57999992,30.91600037,31.5359993,473908000
22/05/2023,31.11216354,31.1760006,31.52000046,30.68000031,30.90099907,372000000
23/05/2023,30.62516403,30.68799973,31.28800011,30.63100052,31,356253000
24/05/2023,30.4754715,30.53800011,30.60700035,29.80599976,30.20999908,721419000
25/05/2023,37.90223694,37.97999954,39.47999954,36.63499832,38.52299881,1543911000
26/05/2023,38.86625671,38.94599915,39.16999817,37.54999924,37.88999939,714397000
30/05/2023,40.02887726,40.11100006,41.93799973,39.94900131,40.59500122,923401000
31/05/2023,37.75653076,37.83399963,40.29499817,37.8219986,39.48799896,1002580000
01/06/2023,39.68857193,39.77000046,40.04999924,38.34000015,38.48899841,635873000
02/06/2023,39.24647903,39.32699966,40.5,39.05799866,40.09700012,482731000
05/06/2023,39.09078979,39.17100143,39.56499863,38.70700073,38.9090004,396094000
06/06/2023,38.57485199,38.65399933,39.15999985,38.14799881,38.83000183,388729000
07/06/2023,37.40213013,37.47499847,39.49900055,37.35599899,38.91500092,511998000
08/06/2023,38.43512344,38.50999832,38.86399841,37.50500107,37.72399902,417772000
09/06/2023,38.69462204,38.77000046,39.71099854,38.56700134,39.03699875,427717000
12/06/2023,39.40523529,39.48199844,39.52999878,38.61800003,39.20000076,388701000
13/06/2023,40.94224167,41.02199936,41.10100174,39.74000168,40.18600082,613208000
14/06/2023,42.91340256,42.99700165,43,40.55199814,40.82400131,740465000
15/06/2023,42.57007217,42.65299988,43.28900146,42.14699936,42.60200119,568622000
16/06/2023,42.60898972,42.69200134,43.72100067,42.6609993,43.45000076,655709000
20/06/2023,43.7228241,43.80799866,43.99000168,42.67399979,42.9980011,451153000
21/06/2023,42.96131134,43.04499817,43.61500168,42.08000183,43.50099945,551603000
22/06/2023,42.94135284,43.02500153,43.42599869,42.23400116,42.25299835,417737000
23/06/2023,42.12693405,42.20899963,42.80899811,42.01499939,42.4640007,358140000
26/06/2023,40.5530014,40.63199997,42.76399994,40.09999847,42.46099854,594322000
27/06/2023,41.79458237,41.87599945,41.93999863,40.44800186,40.79899979,462175000
28/06/2023,41.03705597,41.11700058,41.84500122,40.51800156,40.65999985,582639000
29/06/2023,40.74263,40.8219986,41.59999847,40.59999847,41.55799866,380514000
30/06/2023,42.21975327,42.30199814,42.54999924,41.50099945,41.68000031,501148000
03/07/2023,42.33052826,42.4129982,42.89799881,42.20199966,42.51699829,198209000
05/07/2023,42.23472977,42.31700134,43.17699814,42.08499908,42.13499832,323618000
06/07/2023,42.02114487,42.10300064,42.17900085,41.34600067,41.84400177,303582000
07/07/2023,42.42035675,42.50299835,43.2140007,42.18000031,42.3219986,355881000
10/07/2023,42.09798431,42.18000031,42.81100082,41.64899826,42.6570015,353908000
11/07/2023,42.32255173,42.40499878,42.75799942,42.06700134,42.48099899,298244000
12/07/2023,43.81663513,43.90200043,43.93500137,42.77700043,43.03300095,481277000
13/07/2023,45.8876152,45.97700119,46.15499878,44.49200058,44.51800156,478204000
14/07/2023,45.38059235,45.46900177,48.08800125,45.06000137,46.58300018,772075000
17/07/2023,46.37065887,46.46099854,46.49599838,45.26200104,46.28900146,510488000
18/07/2023,47.40165329,47.49399948,47.89599991,45.73400116,46.70100021,569164000
19/07/2023,46.98546219,47.07699966,47.81800079,46.74200058,47.4640007,427502000
20/07/2023,45.43148804,45.52000046,47.0870018,45.06200027,46.50699997,537865000
21/07/2023,44.22284317,44.30899811,45.86600113,44.09999847,45.7879982,963769000
24/07/2023,44.5252533,44.61199951,45.10900116,44.04000092,44.73099899,382516000
25/07/2023,45.59018326,45.67900085,46.18299866,44.92300034,44.94100189,348081000
26/07/2023,45.36362839,45.45199966,46.0530014,44.63000107,46.02099991,364237000
27/07/2023,45.81075287,45.90000153,47.39500046,45.75,46.51900101,455976000
28/07/2023,46.65910721,46.75,47.02700043,46.38100052,46.66799927,331194000
31/07/2023,46.638134,46.72900009,47.13000107,46.50600052,46.75400162,251055000
01/08/2023,46.41656876,46.50699997,46.90000153,46.02700043,46.45999908,237858000
02/08/2023,44.18292999,44.26900101,45.84000015,43.38700104,45.83100128,530142000
03/08/2023,44.42845154,44.51499939,45.11800003,43.79999924,43.79999924,324176000
04/08/2023,44.59313202,44.68000031,45.64199829,44.39300156,44.98500061,362666000
07/08/2023,45.3286972,45.41699982,45.54000092,44.56299973,45.11100006,322154000
08/08/2023,44.57715988,44.66400146,45.24200058,44.05599976,44.85300064,353843000
09/08/2023,42.47125626,42.55400085,44.31200027,42.13399887,44.27399826,586449000
10/08/2023,42.30558395,42.38800049,43.57400131,41.83499908,42.15999985,492705000
11/08/2023,40.77556992,40.85499954,42.01800156,40.63899994,41.75099945,533085000
14/08/2023,43.6679306,43.75299835,43.79999924,40.31100082,40.48600006,690286000
15/08/2023,43.85456467,43.93999863,45.26800156,43.70999908,44.56000137,676512000
16/08/2023,43.4014473,43.48600006,44.67499924,43.40599823,44.52000046,527451000
17/08/2023,43.25971985,43.34400177,44.06200027,43.00099945,43.97000122,452395000
18/08/2023,43.21481323,43.29899979,43.57799911,41.65999985,42.63499832,583768000
21/08/2023,46.87568283,46.96699905,47.06499863,44.22200012,44.49399948,692573000
22/08/2023,45.57920074,45.66799927,48.18700027,45.33300018,48.13499832,755293000
23/08/2023,47.02438736,47.11600113,47.20000076,45.20800018,45.86600113,779046000
24/08/2023,47.07129288,47.1629982,50.26599884,47.1590004,50.2159996,1156044000
25/08/2023,45.92852783,46.01800156,47.80500031,45.02399826,47.01200104,925341000
28/08/2023,46.74393463,46.83499908,46.97999954,44.88800049,46.48199844,685192000
29/08/2023,48.68914795,48.7840004,49.08100128,46.39099884,46.66600037,701397000
30/08/2023,49.16821289,49.26399994,49.92699814,48.42499924,49.04399872,735206000
31/08/2023,49.25904083,49.35499954,49.74399948,48.95800018,49.38000107,528570000
01/09/2023,48.41468048,48.50899887,49.79999924,48.14199829,49.76200104,463830000
05/09/2023,48.45360565,48.54800034,48.85100174,47.86000061,48.22299957,382653000
06/09/2023,46.97336197,47.06100082,48.54899979,46.58000183,48.44100189,468670000
07/09/2023,46.15489197,46.24100113,46.34400177,45.15200043,45.52500153,433330000
08/09/2023,45.48714066,45.5719986,46.60599899,45.27099991,45.94200134,473069000
11/09/2023,45.0938797,45.1780014,46.1629982,44.31200027,46.14799881,473966000
12/09/2023,44.78644562,44.86999893,45.67300034,44.53099823,44.73799896,349256000
13/09/2023,45.4003067,45.48500061,45.93000031,44.50299835,44.59999847,398355000
14/09/2023,45.49612808,45.58100128,45.98699951,45.13100052,45.95000076,370097000
15/09/2023,43.81824875,43.90000153,45.59899902,43.80799866,45.3409996,506831000
18/09/2023,43.88413239,43.9659996,44.24200058,42,42.7480011,500271000
19/09/2023,43.43896866,43.52000046,43.9659996,43.0019989,43.83300018,373064000
20/09/2023,42.16034317,42.23899841,43.90299988,42.22299957,43.59999847,367108000
21/09/2023,40.94062042,41.01699829,42.09999847,40.97999954,41.58300018,450736000
22/09/2023,41.53252029,41.61000061,42.11500168,41.23099899,41.5719986,479236000
25/09/2023,42.14337921,42.22200012,42.5359993,41.17699814,41.5909996,419091000
26/09/2023,41.83295441,41.9109993,42.81999969,41.65499878,42.00099945,402282000
27/09/2023,42.38891983,42.4679985,42.87200165,41.62900162,42.33000183,444935000
28/09/2023,43.00876617,43.0890007,43.44599915,42.11500168,42.45999908,424663000
29/09/2023,43.41799927,43.49900055,44.14400101,43.30699921,43.82699966,397830000
02/10/2023,44.69861221,44.7820015,45.17499924,43.86100006,44.02999878,433298000
03/10/2023,43.43597031,43.51699829,45.13000107,43.24599838,44.80799866,470850000
04/10/2023,43.95898819,44.04100037,44.14300156,43.29199982,43.74200058,361821000
05/10/2023,44.60478973,44.68799973,44.90000153,43.88800049,44.04999924,393483000
06/10/2023,45.67679214,45.76200104,45.78900146,44.02600098,44.19300079,434436000
09/10/2023,45.18869781,45.27299881,45.60499954,44.36800003,44.84199905,409675000
10/10/2023,45.71272278,45.79800034,46.25899887,45.08800125,45.31000137,368582000
11/10/2023,46.71884155,46.80599976,46.85900116,46.04999924,46.19599915,378137000
12/10/2023,46.85758209,46.94499969,47.60900116,46.33000183,46.77700043,481325000
13/10/2023,45.37633896,45.46099854,47.11600113,45.27999878,46.95999908,474115000
16/10/2023,46.00917053,46.09500122,46.22499847,44.91199875,45.06299973,375099000
17/10/2023,43.8561821,43.93799973,44.75400162,42.47999954,44,812333000
18/10/2023,42.11742401,42.19599915,43.21900177,41.82500076,42.5909996,627294000
19/10/2023,42.02261353,42.10100174,43.29700089,41.88199997,42.81100082,501233000
20/10/2023,41.30993652,41.38700104,42.47000122,41.07799911,41.88999939,477266000
23/10/2023,42.89498138,42.97499847,43.2480011,40.94499969,41.22900009,478530000
24/10/2023,43.58169556,43.6629982,43.6969986,42.69100189,43.07699966,401463000
25/10/2023,41.70119858,41.77899933,43.65000153,41.55500031,43.39799881,398379000
26/10/2023,40.2509079,40.32600021,42.25600052,39.88000107,41.85300064,541001000
27/10/2023,40.42458344,40.5,41.20600128,40.01499939,41.13000107,416784000
30/10/2023,41.0843544,41.1609993,41.76599884,40.48099899,41.0870018,388028000
31/10/2023,40.70406342,40.77999878,40.87900162,39.22999954,40.45000076,517969000
01/11/2023,42.24619293,42.32500076,42.38100052,40.86899948,40.88399887,437593000
02/11/2023,43.42498779,43.50600052,43.88399887,42.89400101,43.32799911,409172000
03/11/2023,44.92120361,45.00500107,45.30899811,43.72299957,44.02000046,424610000
06/11/2023,45.66580582,45.75099945,45.93500137,44.89899826,45.28499985,400733000
07/11/2023,45.86942673,45.95500183,46.2179985,45.15800095,45.71900177,343165000
08/11/2023,46.48727417,46.57400131,46.86700058,45.9679985,46.09999847,346719000
09/11/2023,46.86257553,46.95000076,48.22999954,46.75,47.46699905,540496000
10/11/2023,48.24499893,48.33499908,48.47200012,47.28300095,47.5,421245000
13/11/2023,48.52946472,48.61999893,49.11600113,48.09899902,48.31999969,384136000
14/11/2023,49.56352615,49.65599823,49.83399963,49.04000092,49.68000031,416954000
15/11/2023,48.79697037,48.88800049,49.95999908,48.20000076,49.93500137,475497000
16/11/2023,49.38786316,49.47999954,49.52500153,48.33000183,48.67900085,339756000
17/11/2023,49.20620728,49.29800034,49.71699905,49.00699997,49.52399826,325205000
20/11/2023,50.31513214,50.4090004,50.54800034,49.18099976,49.31200027,414120000
21/11/2023,49.85100174,49.94400024,50.51699829,49.22200012,50.12599945,565747000
22/11/2023,48.62528229,48.7159996,50.33499908,47.68999863,49.85200119,899420000
24/11/2023,47.68703842,47.77600098,48.92100143,47.74499893,48.47000122,294645000
27/11/2023,48.15217209,48.24200058,48.52999878,47.65200043,47.79999924,395662000
28/11/2023,47.73195267,47.82099915,48.32300186,47.47299957,48.23600006,401491000
29/11/2023,48.05035782,48.13999939,48.76200104,47.86000061,48.37900162,382005000
30/11/2023,46.6829071,46.77000046,48.11000061,46.42200089,48.02399826,526247000
01/12/2023,46.67792511,46.76499939,47.20000076,46.18700027,46.52500153,369317000
04/12/2023,45.42525101,45.50999832,46.07699966,45.00999832,46.07699966,437543000
05/12/2023,46.48337555,46.56600189,46.59999847,45.27099991,45.4659996,371718000
06/12/2023,45.42225647,45.50299835,47.38700104,45.41199875,47.21500015,380590000
07/12/2023,46.51332092,46.59600067,46.62900162,45.60400009,45.70000076,350823000
08/12/2023,47.42171097,47.50600052,47.74100113,46.54999924,46.59500122,359224000
11/12/2023,46.54426575,46.6269989,47.53099823,45.83000183,47.49100113,509728000
12/12/2023,47.57243729,47.6570015,47.66600037,46.04600143,46.04600143,372387000
13/12/2023,48.00268173,48.08800125,48.59400177,47.60800171,47.62900162,447792000
14/12/2023,48.26420593,48.34999847,48.66999817,47.42200089,48.38999939,391232000
15/12/2023,48.80324936,48.88999939,49.40399933,48.11999893,48.19400024,479948000
18/12/2023,49.98814774,50.07699966,50.43299866,49.15000153,49.40000153,412587000
19/12/2023,49.51598358,49.60400009,49.70000076,48.89500046,49.42399979,464444000
20/12/2023,48.02563858,48.11100006,49.99900055,48.09799957,49.65499878,397894000
21/12/2023,48.90307617,48.99000168,49.09500122,48.41899872,48.81100082,300425000
22/12/2023,48.74335861,48.83000183,49.38299942,48.46699905,49.19499969,252507000
26/12/2023,49.19156265,49.27899933,49.59999847,48.95999908,48.9679985,244200000
27/12/2023,49.329319,49.41699982,49.68000031,49.08499908,49.51100159,233648000
28/12/2023,49.43413162,49.52199936,49.88399887,49.41199875,49.64300156,246587000
29/12/2023,49.43413162,49.52199936,49.99700165,48.75099945,49.81299973,389293000
02/01/2024,48.08253479,48.16799927,49.29499817,47.59500122,49.24399948,411254000
03/01/2024,47.48459625,47.56900024,48.18399811,47.31999969,47.48500061,320896000
04/01/2024,47.91283417,47.9980011,48.5,47.50799942,47.76699829,306535000
05/01/2024,49.00988007,49.09700012,49.54700089,48.30599976,48.4620018,415039000
08/01/2024,52.16028214,52.25299835,52.27500153,49.47900009,49.51200104,642510000
09/01/2024,53.0457077,53.13999939,54.32500076,51.68999863,52.40100098,773100000
10/01/2024,54.25356674,54.34999847,54.59999847,53.48899841,53.61600113,533796000
11/01/2024,54.72472382,54.8219986,55.34600067,53.56000137,54.99900055,596759000
12/01/2024,54.61292648,54.70999908,54.97000122,54.33000183,54.61999893,352994000
16/01/2024,56.28196335,56.38199997,56.83499908,54.90000153,55.01800156,449580000
17/01/2024,55.95354843,56.0530014,56.47100067,54.74000168,56.34700012,474394000
18/01/2024,57.00567627,57.10699844,57.59999847,56.10699844,57.25999832,491650000
19/01/2024,59.38544083,59.49100113,59.5,57.22499847,57.98899841,543501000
22/01/2024,59.54815292,59.65399933,60.33100128,59.06999969,60.04899979,452955000
23/01/2024,59.76676941,59.8730011,59.90999985,58.58499908,59.56999969,294654000
24/01/2024,61.25312042,61.36199951,62.84899902,59.93799973,60.30400085,560271000
25/01/2024,61.50767136,61.61700058,62.71900177,60.84999847,62.34999847,482777000
26/01/2024,60.92271042,61.03099823,61.78300095,60.57300186,60.95999908,390309000
29/01/2024,62.35417175,62.46500015,62.48899841,60.9070015,61.23199844,348733000
30/01/2024,62.66261673,62.77399826,63.49300003,62.25999832,62.90000153,410735000
31/01/2024,61.41783142,61.52700043,62.26900101,60.70000076,61.43999863,453795000
01/02/2024,62.91516876,63.02700043,63.19100189,61.65000153,62.09999847,369146000
02/02/2024,66.04261017,66.16000366,66.59999847,63.68999863,63.97399902,476578000
05/02/2024,69.208992,69.33200073,69.49700165,67.20500183,68.22499847,680078000
06/02/2024,68.10195923,68.22299957,69.7539978,66.30000305,69.62999725,683111000
07/02/2024,69.974617,70.09899902,70.22000122,67.59999847,68.31900024,495575000
08/02/2024,69.51742554,69.64099884,70.79399872,69.45500183,70.0739975,414422000
09/02/2024,72.00502014,72.13300323,72.18499756,70.21199799,70.53299713,436637000
12/02/2024,72.11979675,72.2480011,74.61100006,71.25,72.59999847,613710000
13/02/2024,72.00003052,72.12799835,73.44999695,69.62000275,70.40000153,602580000
14/02/2024,73.76888275,73.90000153,74.23600006,71.93800354,73.20200348,504917000
15/02/2024,72.52909088,72.65799713,73.97499847,72.40000153,73.8690033,420122000
16/02/2024,72.48416138,72.61299896,74.40200043,72.50099945,74.09999847,495327000
20/02/2024,69.3287735,69.45200348,71.95600128,67.73400116,71.9469986,704833000
21/02/2024,67.35227966,67.47200012,68.88800049,66.2480011,68.0059967,673755000
22/02/2024,78.39865875,78.53800201,78.57499695,74.22000122,75.02500153,865100000
23/02/2024,78.67715454,78.81700134,82.39399719,77.56999969,80.79000092,829388000
26/02/2024,78.95167542,79.09200287,80.64600372,78.50499725,79.69999695,503973000
27/02/2024,78.56135559,78.7009964,79.48000336,77.16200256,79.3809967,391705000
28/02/2024,77.52520752,77.66300201,78.93299866,77.125,77.62000275,393110000
29/02/2024,78.97162628,79.11199951,79.98999786,78.34999847,79.09400177,507289000
01/03/2024,82.13300323,82.27899933,82.30000305,79.43499756,80,479135000
04/03/2024,85.08576202,85.23699951,87.69499969,83.71900177,84.12999725,615616000
05/03/2024,85.81550598,85.96399689,86.09700012,83.41699982,85.26999664,520639000
06/03/2024,88.54676819,88.69999695,89.72399902,87.02999878,88.02200317,582520000
07/03/2024,92.50892639,92.66899872,92.76699829,89.60199738,90.15799713,608119000
08/03/2024,87.37679291,87.52799988,97.40000153,86.5059967,95.13800049,1142269000
11/03/2024,85.6258316,85.77400208,88.79699707,84.16600037,86.42900085,678364000
12/03/2024,91.75421906,91.91300201,91.95999908,86.15000153,88.0490036,668075000
13/03/2024,90.73099518,90.88800049,91.5039978,88.43499756,91.05500031,635713000
14/03/2024,87.79209137,87.94400024,90.64600372,86.59999847,89.57700348,602318000
15/03/2024,87.68527222,87.83699799,89.54599762,86.25700378,86.93000031,642086000
18/03/2024,88.30219269,88.45500183,92.40499878,87.08499908,90.38800049,668976000
19/03/2024,89.24356079,89.39800262,90.54399872,85.01000214,86.69999695,672171000
20/03/2024,90.21586609,90.37200165,90.41000366,88.22299957,89.79699707,479063000
21/03/2024,91.27703857,91.43499756,92.64800262,90.40499878,92.30000305,480372000
22/03/2024,94.12612152,94.28900146,94.77799988,90.83399963,91.14099884,586719000
25/03/2024,94.83789063,95.0019989,96.76599884,93.51000214,93.94100189,552136000
26/03/2024,92.40109253,92.56099701,96.375,92.5019989,95.85099792,513648000
27/03/2024,90.09410095,90.25,93.23999786,89.1230011,93.11199951,586067000
28/03/2024,90.19992065,90.35600281,91.30000305,89.19300079,90,435212000
01/04/2024,90.20689392,90.36299896,92.22499847,89.20400238,90.2990036,452441000
02/04/2024,89.29747009,89.45200348,90.09400177,87.62000275,88.44799805,433064000
03/04/2024,88.81031036,88.96399689,90.37400055,88.40000153,88.48400116,370067000
04/04/2024,85.7565918,85.90499878,90.63400269,85.87999725,90.40599823,434965000
05/04/2024,87.85597992,88.00800323,88.48100281,85.9260025,86.86599731,399678000
08/04/2024,86.98248291,87.13300323,88.83000183,86.73200226,88.69999695,283220000
09/04/2024,85.20654297,85.35399628,87.63500214,83.02200317,87.44200134,501700000
10/04/2024,86.88864899,87.03900146,87.40000153,83.70899963,83.9260025,431929000
11/04/2024,90.4594574,90.61599731,90.73899841,86.9260025,87.41999817,431637000
12/04/2024,88.03365326,88.18599701,90.17500305,87.52999878,89.6989975,426805000
15/04/2024,85.85241699,86.00099945,90.61299896,85.92900085,89.09799957,443077000
16/04/2024,87.26399231,87.41500092,88.11799622,86.06400299,86.43299866,370453000
17/04/2024,83.88983917,84.03500366,88.77500153,83.94999695,88.33999634,495400000
18/04/2024,84.52471924,84.67099762,86.19000244,82.40200043,84.97000122,447260000
19/04/2024,76.068367,76.19999695,84.3239975,75.60600281,83.15000153,875198000
22/04/2024,79.38063049,79.51799774,80.07299805,76.40000153,78.10399628,596341000
23/04/2024,82.28060913,82.42299652,82.76899719,80.26399994,80.76899719,438559000
24/04/2024,79.53935242,79.67700195,84.08200073,79.18299866,83.94999695,512208000
25/04/2024,82.48926544,82.63200378,83.32299805,78.22299957,78.86799622,424641000
26/04/2024,87.58345032,87.73500061,88.33100128,83.38700104,83.81800079,551011000
29/04/2024,87.60539246,87.75700378,87.99199677,85.26599884,87.59500122,388971000
30/04/2024,86.25273895,86.40200043,88.81900024,86.30000305,87.23999786,363709000
01/05/2024,82.89754486,83.04100037,86,81.25499725,85.07700348,559863000
02/05/2024,85.66874695,85.81700134,86.23699951,83.19999695,84.4489975,377898000
03/05/2024,88.63561249,88.78900146,89.28099823,87.04000092,87.78900146,398341000
06/05/2024,91.9808197,92.13999939,92.22000122,89.05500031,89.38999939,376203000
07/05/2024,90.39756775,90.55400085,91.78099823,89.01100159,91.09799957,437342000
08/05/2024,90.25582123,90.41200256,91.19400024,89.41999817,89.48300171,325721000
09/05/2024,88.59368896,88.74700165,91.0719986,88.23100281,90.52899933,378013000
10/05/2024,89.72273254,89.87799835,91.40100098,89.22699738,90.30500031,335325000
13/05/2024,90.242836,90.39900208,90.9980011,88.52899933,90.47799683,289680000
14/05/2024,91.19818878,91.35600281,91.65100098,88.93399811,89.59899902,296507000
15/05/2024,94.46652985,94.62999725,94.86199951,91.59899902,92.47200012,417735000
16/05/2024,94.19599915,94.35900116,95.81900024,94.10299683,94.91000366,323952000
17/05/2024,92.31924438,92.47899628,94.73999786,91.80599976,94.3690033,359691000
20/05/2024,94.61626434,94.77999878,95.19999695,93.44000244,93.75,318764000
21/05/2024,95.22122192,95.38600159,95.40000153,93.18000031,93.59899902,328946000
22/05/2024,94.7859726,94.94999695,96.01999664,93.24900055,95.45899963,548648000
23/05/2024,103.6196976,103.7990036,106.3199997,101.5199966,102.0279999,835065000
24/05/2024,106.2850723,106.4690018,106.4749985,103,104.4489975,429494000
28/05/2024,113.7042313,113.901001,114.939003,109.8830032,110.2440033,652728000
29/05/2024,114.6266479,114.8249969,115.4919968,110.901001,113.0500031,557442000
30/05/2024,110.3091049,110.5,115.8190002,109.663002,114.6500015,484553000
31/05/2024,109.4436188,109.6330032,112.7170029,106.9400024,112.5199966,613263000
03/06/2024,114.8013458,115,115,112.0029984,113.6210022,438392000
04/06/2024,116.2358551,116.4369965,116.5999985,114.0449982,115.7160034,403324000
05/06/2024,122.2284927,122.4400024,122.4489975,117.4680023,118.3710022,528402000
06/06/2024,120.7889862,120.9980011,125.586998,118.3199997,124.0479965,664696000
07/06/2024,120.6791687,120.8880005,121.6920013,118.0220032,119.7699966,412386000
10/06/2024,121.5796127,121.7900009,123.0999985,117.0100021,120.3700027,313434100
11/06/2024,120.7110519,120.9100037,122.8700027,118.7399979,121.7699966,222551200
12/06/2024,124.9939804,125.1999969,126.8799973,122.5699997,123.0599976,299595000
13/06/2024,129.3967285,129.6100006,129.8000031,127.1600037,129.3899994,260704500
14/06/2024,131.6629791,131.8800049,132.8399963,128.3200073,129.9600067,309320400
17/06/2024,130.7644806,130.9799957,133.7299957,129.5800018,132.9900055,288504400
18/06/2024,135.3569183,135.5800018,136.3300018,130.6900024,131.1399994,294335100
20/06/2024,130.5647888,130.7799988,140.7599945,129.5200043,139.8000031,517768400
21/06/2024,126.3617325,126.5699997,130.6300049,124.3000031,127.1200027,649445800
24/06/2024,117.9156418,118.1100006,124.4599991,118.0400009,123.2399979,476060900
25/06/2024,125.8825073,126.0899963,126.5,119.3199997,121.1999969,414192600
26/06/2024,126.1920166,126.4000015,128.1199951,122.5999985,126.1299973,362975900
27/06/2024,123.7859726,123.9899979,126.4100037,122.9199982,124.0999985,252571700
28/06/2024,123.3367233,123.5400009,127.7099991,122.75,124.5800018,315516700
01/07/2024,124.0954742,124.3000031,124.8399963,118.8300018,123.4700012,284885500
02/07/2024,122.4681625,122.6699982,123.4100037,121.0299988,121.1299973,218374000
03/07/2024,128.068924,128.2799988,128.2799988,121.3600006,121.6600037,215749000
05/07/2024,125.6229477,125.8300018,128.8500061,125.6800003,127.3799973,214176700
08/07/2024,127.9890518,128.1999969,130.7700043,127.0400009,127.4899979,237677300
09/07/2024,131.1638184,131.3800049,133.8200073,128.6499939,130.3500061,285366600
10/07/2024,134.6880035,134.9100037,135.1000061,132.4199982,134.0299988,248978600
11/07/2024,127.1903763,127.4000015,136.1499939,127.0500031,135.75,374782700
12/07/2024,129.0273438,129.2400055,131.9199982,127.2200012,128.2599945,252680500
15/07/2024,128.228653,128.4400024,131.3899994,127.1800003,130.5599976,208326200
16/07/2024,126.1520691,126.3600006,129.0399933,124.5800018,128.4400024,214769500
17/07/2024,117.795845,117.9899979,121.8499985,116.7200012,121.3499985,390086200
18/07/2024,120.8907471,121.0899963,122.4000015,116.5599976,121.8499985,320979500
19/07/2024,117.7359619,117.9300003,121.5999985,117.3700027,120.3499985,217223800
22/07/2024,123.3367233,123.5400009,124.0699997,119.8600006,120.3499985,258068900
23/07/2024,122.3882828,122.5899963,124.6900024,122.0999985,122.7799988,173911000
24/07/2024,114.0620041,114.25,119.9499969,113.4400024,119.1699982,327776900
25/07/2024,112.0952454,112.2799988,116.6299973,106.3000031,113.0400009,460067000
26/07/2024,112.8739548,113.0599976,116.1999969,111.5800018,116.1900024,293399100
29/07/2024,111.4063797,111.5899963,116.2799988,111.3000031,113.6900024,248152100
30/07/2024,103.5593109,103.7300034,111.9899979,102.5400009,111.5199966,486833300
31/07/2024,116.827446,117.0199966,118.3399963,110.8799973,112.9000015,473174200
01/08/2024,109.0302887,109.2099991,120.1600037,106.8099976,117.5299988,523462300
02/08/2024,107.0934753,107.2699966,108.7200012,101.3700027,103.7600021,482027500
05/08/2024,100.2847137,100.4499969,103.4100037,90.69000244,92.05999756,552842400
06/08/2024,104.0784607,104.25,107.7099991,100.5500031,103.8399963,409012100
07/08/2024,98.74725342,98.91000366,108.8000031,98.69000244,107.8099976,411440400
08/08/2024,104.7972717,104.9700012,105.5,97.51999664,102,391910000
09/08/2024,104.5776367,104.75,106.5999985,103.4300003,105.6399994,290844200
12/08/2024,108.8406067,109.0199966,111.0699997,106.2600021,106.3199997,325559900
13/08/2024,115.9488907,116.1399994,116.2300034,111.5800018,112.4400024,312646700
14/08/2024,117.885704,118.0800018,118.5999985,114.0699997,118.5299988,339246400
15/08/2024,122.6578445,122.8600006,123.2399979,117.4700012,118.7600021,318086700
16/08/2024,124.3750076,124.5800018,125,121.1800003,121.9400024,302589900
19/08/2024,129.786087,130,130,123.4199982,124.2799988,318333600
20/08/2024,127.0406113,127.25,129.8800049,125.8899994,128.3999939,300087400
21/08/2024,128.288559,128.5,129.3500061,126.6600037,127.3199997,257883600
22/08/2024,123.5363922,123.7399979,130.75,123.0999985,130.0200043,376189100
23/08/2024,129.157135,129.3699951,129.6000061,125.2200012,125.8600006,323230300
26/08/2024,126.2518997,126.4599991,131.2599945,124.3700027,129.5700073,331964700
27/08/2024,128.0888824,128.3000031,129.1999969,123.8799973,125.0500031,303134600
28/08/2024,125.4033127,125.6100006,128.3300018,122.6399994,128.1199951,448101100
29/08/2024,117.3965073,117.5899963,124.4300003,116.7099991,121.3600006,453023300
30/08/2024,119.1735764,119.3700027,121.75,117.2200012,119.5299988,333751600
03/09/2024,107.8222885,108,116.2099991,107.2900009,116.0100021,477155100
04/09/2024,106.0352325,106.2099991,113.2699966,104.1200027,105.4100037,372470300
05/09/2024,107.0335922,107.2099991,109.6500015,104.7600021,104.9899979,306850700
06/09/2024,102.6608047,102.8300018,108.1500015,100.9499969,108.0400009,413638100
09/09/2024,106.2948074,106.4700012,106.5500031,103.6900024,104.8799973,273912000
10/09/2024,107.9221191,108.0999985,109.4000015,104.9499969,107.8099976,268283700
11/09/2024,116.7176285,116.9100037,117.1900024,107.4199982,109.3899994,441422400
12/09/2024,118.9541321,119.1399994,120.7900009,115.3799973,116.8399963,366052700
13/09/2024,118.9141846,119.0999985,119.9599991,117.5999985,119.0800018,238358300
16/09/2024,116.5978088,116.7799988,118.1800003,114.3600006,116.7900009,248772300
17/09/2024,115.409668,115.5899963,118.8000031,114.8300018,118.1699982,231925900
18/09/2024,113.1931305,113.3700027,117.6999969,113.2200012,115.8899994,310318900
19/09/2024,117.6861115,117.8700027,119.6600037,117.25,117.3499985,293506400
20/09/2024,115.8190308,116,118.6200027,115.3899994,117.0599976,382462400
23/09/2024,116.0786285,116.2600021,116.9899979,114.8600006,116.5500031,206228500
24/09/2024,120.6814346,120.8700027,121.8000031,115.3799973,116.5199966,354966800
25/09/2024,123.3173065,123.5100021,124.9400024,121.6100006,122.0199966,284692900
26/09/2024,123.846489,124.0400009,127.6699982,121.8000031,126.8000031,302582900
27/09/2024,121.2106018,121.4000015,124.0299988,119.2600021,123.9700012,271009200
30/09/2024,121.2505493,121.4400024,121.5,118.1500015,118.3099976,226553700
01/10/2024,116.8174667,117,122.4400024,115.7900009,121.7699966,302094500
02/10/2024,118.6645737,118.8499985,119.3799973,115.1399994,116.4400024,221845900
03/10/2024,122.6583405,122.8499985,124.3600006,120.3399963,120.9199982,277118000
04/10/2024,124.7251053,124.9199982,125.0400009,121.8300018,124.9400024,243678100
07/10/2024,127.5207443,127.7200012,130.6399994,124.9499969,124.9899979,346250200
08/10/2024,132.6826782,132.8899994,133.4799957,129.4199982,130.2599945,285722500
09/10/2024,132.4430389,132.6499939,134.5200043,131.3800049,134.1100006,246191600
10/10/2024,134.5997162,134.8099976,135,131,131.9100037,242311300
11/10/2024,134.5897217,134.8000031,135.7799988,133.6600037,134.0099945,170209500
14/10/2024,137.854599,138.0700073,139.6000061,136.3000031,136.4700012,232347700
15/10/2024,131.3946991,131.6000061,138.5700073,128.7400055,137.8699951,377831000
16/10/2024,135.5082397,135.7200012,136.6199951,131.5800018,133.9799957,264879700
17/10/2024,136.7163696,136.9299927,140.8899994,136.8699951,139.3399963,306435900
18/10/2024,137.7846985,138,138.8999939,137.2799988,138.6699982,176090200
21/10/2024,143.4858093,143.7100067,143.7100067,138,138.1300049,264554500
22/10/2024,143.3659821,143.5899963,144.4199982,141.7799988,142.9100037,226311600
23/10/2024,139.3422699,139.5599976,142.4299927,137.4600067,142.0299988,285930000
24/10/2024,140.1909485,140.4100037,141.3500061,138.4600067,140.8200073,172354900
25/10/2024,141.3191833,141.5399933,144.1300049,140.8000031,140.9299927,205122100
28/10/2024,140.300766,140.5200043,143.1399994,140.0500031,143,173586700
29/10/2024,141.0296326,141.25,142.2599945,138.8999939,140.2899933,157593600
30/10/2024,139.1226044,139.3399963,140.3300018,136.8099976,139.5399933,179418100
31/10/2024,132.5528717,132.7599945,137.6100006,132.1100006,137.6000061,270039600
01/11/2024,135.1887512,135.3999939,137.3099976,134.5700073,134.6999969,207127800
04/11/2024,135.837738,136.0500031,138.9600067,135.5700073,137.2100067,187528200
05/11/2024,139.6917267,139.9100037,140.3699951,137.3300018,137.4499969,160537400
06/11/2024,145.3828278,145.6100006,146.4900055,141.9600067,142.9600067,242043900
07/11/2024,148.6477356,148.8800049,148.9299927,146.1699982,146.3899994,207323300
08/11/2024,147.3996735,147.6300049,149.7700043,146.2599945,148.7700043,175665800
11/11/2024,145.0333862,145.2599945,148.8500061,143.5700073,148.6799927,182325600
12/11/2024,148.0586548,148.2899933,149.6499939,146.0099945,146.7799988,198634700
13/11/2024,146.0417938,146.2700043,149.3300018,145.8999939,149.0700073,191903300
14/11/2024,146.5310211,146.7599945,149,145.5500031,147.6399994,194463300
15/11/2024,141.7584991,141.9799957,145.2400055,140.0800018,144.8699951,250132900
18/11/2024,139.9313507,140.1499939,141.5500031,137.1499939,139.5,221205300
19/11/2024,146.7806244,147.0099945,147.1300049,140.9900055,141.3200073,227834900
20/11/2024,145.662384,145.8899994,147.5599976,142.7299957,147.4100037,309871700
21/11/2024,146.4412079,146.6699982,152.8899994,140.6999969,149.3500061,400946600
22/11/2024,141.7285461,141.9499969,147.1600037,141.1000061,145.9299927,236406200
25/11/2024,135.807785,136.0200043,142.0500031,135.8200073,141.9900055,344941900
26/11/2024,136.7064056,136.9199982,139.3000031,135.6699982,137.6999969,190287700
27/11/2024,135.1288605,135.3399963,137.2200012,131.8000031,135.0099945,226370900
29/11/2024,138.034317,138.25,139.3500061,136.0500031,136.7799988,141863200
02/12/2024,138.4137268,138.6300049,140.4499969,137.8200073,138.8300018,171682800
03/12/2024,140.0411682,140.2599945,140.5399933,137.9499969,138.2599945,164414000
04/12/2024,144.9135437,145.1399994,145.7899933,140.2899933,142,231224300
05/12/2024,144.8436737,145.0599976,146.5399933,143.9499969,145.1100006,172621200
06/12/2024,142.2275848,142.4400024,145.6999969,141.3099976,144.6000061,188505600
09/12/2024,138.6029968,138.8099976,139.9499969,137.1300049,138.9700012,189308600
10/12/2024,134.8685913,135.0700073,141.8200073,133.7899933,139.0099945,210020900
11/12/2024,139.1022491,139.3099976,140.1699982,135.2100067,137.3600006,184905200
12/12/2024,137.1351929,137.3399963,138.4400024,135.8000031,137.0800018,159211400
13/12/2024,134.0497894,134.25,139.6000061,132.5399933,138.9400024,231514900
16/12/2024,131.8031464,132,134.3999939,130.4199982,134.1799927,237951100
17/12/2024,130.1955566,130.3899994,131.5899963,126.8600006,129.0899963,259410300
18/12/2024,128.7177429,128.9100037,136.6999969,128.2799988,133.8600006,277444500
19/12/2024,130.4851074,130.6799927,134.0299988,129.5500031,131.7599945,209719200
20/12/2024,134.499115,134.6999969,135.2799988,128.2200012,129.8099976,306528600
23/12/2024,139.4617004,139.6699982,139.7899933,135.1199951,136.2799988,176053500
24/12/2024,140.0108948,140.2200012,141.8999939,138.6499939,140,105157000
26/12/2024,139.7213135,139.9299927,140.8500061,137.7299957,139.6999969,116205600
27/12/2024,136.8056641,137.0099945,139.0200043,134.7100067,138.5500031,170582600
30/12/2024,137.2849579,137.4900055,140.2700043,134.0200043,134.8300018,167734700
31/12/2024,134.0897217,134.2899933,138.0700073,133.8300018,138.0299988,155659200
02/01/2025,138.1037598,138.3099976,138.8800049,134.6300049,136,198247200
03/01/2025,144.2545624,144.4700012,144.8999939,139.7299957,140.0099945,229322500
06/01/2025,149.2071533,149.4299927,152.1600037,147.8200073,148.5899963,265377400
07/01/2025,139.931015,140.1399994,153.1300049,140.0099945,153.0299988,351782200
08/01/2025,139.9010468,140.1100006,143.9499969,137.5599976,142.5800018,227349900
10/01/2025,135.7073364,135.9100037,139.9199982,134.2200012,137.4499969,207602500
13/01/2025,133.031311,133.2299957,133.4900055,129.5099945,129.9900055,204808900
14/01/2025,131.5634918,131.7599945,136.3800049,130.0500031,136.0500031,195590500
15/01/2025,136.0368347,136.2400055,136.4499969,131.2899933,133.6499939,185217300
16/01/2025,133.3708038,133.5700073,138.75,133.4900055,138.6399994,209235600
17/01/2025,137.5046234,137.7100067,138.5,135.4600067,136.6900024,201188800
21/01/2025,140.6199646,140.8300018,141.8300018,137.0899963,139.1600037,197749000
22/01/2025,146.8506775,147.0700073,147.7899933,143.6699982,144.6600037,237651400
23/01/2025,147.000473,147.2200012,147.2299957,143.7200012,145.0500031,155915500
24/01/2025,142.4073181,142.6199951,148.9700012,141.8800049,148.3699951,234657600
27/01/2025,118.2433929,118.4199982,128.3999939,116.6999969,124.8000031,818830900
28/01/2025,128.7976532,128.9900055,129,116.25,121.8099976,579666400
29/01/2025,123.5155182,123.6999969,126.8899994,120.0500031,126.5,467120600
30/01/2025,124.4641037,124.6500015,125,118.0999985,123.0999985,392925500
31/01/2025,119.8909378,120.0699997,127.8499985,119.1900024,123.7799988,388161100
03/02/2025,116.4860382,116.6600037,118.5699997,113.0100021,114.75,371235700
04/02/2025,118.473053,118.6500015,121.1999969,116.6999969,116.9599991,256550000
05/02/2025,124.6438446,124.8300018,125,120.7600021,121.7600021,262230800
06/02/2025,128.4880676,128.6799927,128.7700043,125.2099991,127.4199982,251483600
07/02/2025,129.6463776,129.8399963,130.3699951,125,129.2200012,228186300
10/02/2025,133.3708038,133.5700073,135,129.9600067,130.0899963,216989100
11/02/2025,132.6019745,132.8000031,134.4799957,131.0200043,132.5800018,178902400
12/02/2025,130.9444275,131.1399994,132.2400055,129.0800018,130.0200043,160278600
13/02/2025,135.0882416,135.2899933,136.5,131.1699982,131.5599976,197430000
14/02/2025,138.6429291,138.8500061,139.25,135.5,136.4799957,195479600
18/02/2025,139.1921082,139.3999939,143.4400024,137.9299927,141.2700043,219176600
19/02/2025,139.0223541,139.2299957,141.3600006,137.2200012,139.5099945,167536000
20/02/2025,139.9010468,140.1100006,140.6600037,136.7899933,140.0299988,143903600
21/02/2025,134.2295227,134.4299927,141.4600067,134.0299988,140.0399933,228217600
24/02/2025,130.0857086,130.2799988,138.5899963,130.0800018,136.5599976,251381100
25/02/2025,126.4411469,126.6299973,130.1999969,124.4400024,129.9799957,271428700
26/02/2025,131.0842438,131.2799988,133.7299957,128.4900055,129.9900055,322553800
27/02/2025,119.9708176,120.1500015,135.0099945,120.0100021,135,443175800
28/02/2025,124.7337036,124.9199982,125.0899963,116.4000015,118.0199966,389091100
03/03/2025,113.8899002,114.0599976,123.6999969,112.2799988,123.5100021,411381400
04/03/2025,115.8170242,115.9899979,119.3099976,110.1100006,110.6500015,398163300
05/03/2025,117.1250687,117.3000031,118.2799988,114.5100021,117.5800018,284337900
06/03/2025,110.4051132,110.5699997,115.3499985,110.2200012,113.5299988,321181900
07/03/2025,112.5219421,112.6900024,113.4800034,107.5599976,111.25,341755500
10/03/2025,106.8204498,106.9800034,111.8499985,105.4599991,109.9000015,366487400
11/03/2025,108.5978088,108.7600021,112.2399979,104.7699966,106.9899979,354865700
12/03/2025,115.5780334,115.7399979,116.7600021,112.8799973,114.1200027,323857500
13/03/2025,115.418251,115.5800018,117.7600021,113.7900009,117.0299988,299033100
14/03/2025,121.4997253,121.6699982,121.8799973,118.1500015,118.6100006,277593500
17/03/2025,119.3627243,119.5299988,122.8899994,118.0299988,122.7399979,255501500
18/03/2025,115.2684555,115.4300003,119.0199966,114.5400009,118,299686900
19/03/2025,117.3555298,117.5199966,120.4499969,115.6800003,117.2699966,273426200
20/03/2025,118.3641129,118.5299988,120.1999969,116.4700012,116.5500031,248829700
21/03/2025,117.5352783,117.6999969,117.9899979,115.4199982,116.9400024,266498500
24/03/2025,121.240097,121.4100037,122.2200012,119.3399963,119.8799973,228452500
25/03/2025,120.5211029,120.6900024,121.2900009,118.9199982,120.5500031,167447200
26/03/2025,113.6007996,113.7600021,118.8399963,112.7099991,118.7300034,293463300
27/03/2025,111.2740707,111.4300003,114.4499969,110.6600037,111.3499985,236902100
28/03/2025,109.5165253,109.6699982,112.8700027,109.0699997,111.4899979,229872500
31/03/2025,108.2283249,108.3799973,110.9599991,103.6500015,105.1299973,299212700
01/04/2025,109.9958496,110.1500015,110.1999969,106.4700012,108.5199966,222614000
02/04/2025,110.2654724,110.4199982,111.9800034,106.7900009,107.2900009,220601200
03/04/2025,101.6575394,101.8000031,105.6299973,101.5999985,103.5100021,338769400
04/04/2025,94.17802429,94.30999756,100.1299973,92.11000061,98.91000366,532273800
07/04/2025,97.5033493,97.63999939,101.75,86.62000275,87.45999908,611041300
08/04/2025,96.16523743,96.30000305,105.8499985,94.45999908,103.8099976,476243400
09/04/2025,114.1699982,114.3300018,115.0999985,97.52999878,98.88999939,612918300
10/04/2025,107.4194565,107.5699997,110.8600006,99.15000153,109.3700027,437812400
11/04/2025,110.7747574,110.9300003,111.5500031,107.4800034,108.5,313417300
14/04/2025,110.5550613,110.7099991,114.2900009,109.0699997,114.1100006,264705000
15/04/2025,112.0429764,112.1999969,113.6200027,110.5,110.9700012,228966900
16/04/2025,104.3437653,104.4899979,106.7900009,100.4499969,104.5500031,397016900
17/04/2025,101.3479614,101.4899979,104.4700012,100.0500031,104.4499969,292517500
21/04/2025,96.77438354,96.91000366,99.44000244,95.04000092,98.76999664,288501100
22/04/2025,98.75160217,98.88999939,99.80999756,97.27999878,98.77999878,241004800
23/04/2025,102.5662537,102.7099991,104.8000031,102.0199966,104.5199966,247526000
24/04/2025,106.281044,106.4300003,106.5400009,103.1100006,103.4800034,220815000
25/04/2025,110.85466,111.0100021,111.9199982,105.7300034,106.8499985,251064700
28/04/2025,108.5778351,108.7300034,110.3700027,106.0199966,109.6900024,207708500
29/04/2025,108.867424,109.0199966,110.1999969,107.4400024,107.6699982,170444300
30/04/2025,108.7675629,108.9199982,108.9199982,104.0800018,104.4700012,235044600
01/05/2025,111.453804,111.6100006,114.9400024,111.3000031,113.0800018,236121500
02/05/2025,114.3397675,114.5,115.4000015,113.3700027,114.1800003,190194800
05/05/2025,113.6607132,113.8199997,114.6699982,112.6600037,112.9100037,133163200
06/05/2025,113.3811188,113.5400009,114.7399979,110.8199997,111.4800034,158525600
07/05/2025,116.8961868,117.0599976,117.6800003,112.2799988,113.0500031,206758800
08/05/2025,117.2057571,117.3700027,118.6800003,115.8499985,118.25,198428100
09/05/2025,116.4867554,116.6500015,118.2300034,115.2099991,117.3499985,132972200
12/05/2025,122.8278732,123,123,120.2799988,121.9700012,225023300
13/05/2025,129.7481689,129.9299927,131.2200012,124.4700012,124.9800034,330430100
14/05/2025,135.1506042,135.3399963,135.4400024,131.6799927,133.1999969,281180800
15/05/2025,134.6412964,134.8300018,136.3000031,132.6600037,134.2899933,226632600
16/05/2025,135.2105103,135.3999939,136.3500061,133.4600067,136.2200012,226542500
19/05/2025,135.3802948,135.5700073,135.8699951,132.3899994,132.3899994,193154600
20/05/2025,134.191925,134.3800049,134.5800018,132.6199951,134.2899933,161514200
21/05/2025,131.6155548,131.8000031,137.3999939,130.5899963,133.0599976,270608700
22/05/2025,132.6441345,132.8300018,134.25,131.5500031,132.2299957,187344000
23/05/2025,131.1062622,131.2899933,132.6799927,129.1600037,130,198821300
27/05/2025,135.3103638,135.5,135.6600037,133.3099976,134.1499939,192953600
28/05/2025,134.6213379,134.8099976,137.25,134.7899933,136.0299988,304021100
29/05/2025,138.995224,139.1900024,143.4900055,137.9100037,142.25,369241900
30/05/2025,134.9408875,135.1300049,139.6199951,132.9199982,138.7200012,333170900
02/06/2025,137.1877441,137.3800049,138.1199951,135.3999939,135.4900055,197663100
03/06/2025,141.0223694,141.2200012,142,137.9499969,138.7799988,225578800
04/06/2025,141.7213745,141.9199982,142.3899994,139.5399933,142.1900024,167120800
05/06/2025,139.7940826,139.9900055,144,138.8300018,142.1699982,231397900
06/06/2025,141.5216827,141.7200012,143.2700043,141.5099945,142.5099945,153986200
09/06/2025,142.4304047,142.6300049,145,141.9400024,143.1900024,185114500
10/06/2025,143.7585449,143.9600067,144.2899933,141.5299988,142.6900024,155881900
11/06/2025,142.6400299,142.8300018,144.9900055,141.8699951,144.6100006,167694000
12/06/2025,144.8071442,145,145,141.8500061,141.9700012,162365000
13/06/2025,141.7811737,141.9700012,143.5800018,140.8500061,142.4799957,180820600
16/06/2025,144.4975433,144.6900024,146.1799927,143.1999969,143.3500061,183133700
17/06/2025,143.928299,144.1199951,145.2200012,143.7799988,144.4900055,139108000
18/06/2025,145.286499,145.4799957,145.6499939,143.1199951,144.0099945,161494100
20/06/2025,143.6586609,143.8500061,146.1999969,142.6499939,145.4499969,242956200
23/06/2025,143.978241,144.1699982,144.7799988,142.0299988,142.5,154308900
24/06/2025,147.7032623,147.8999939,147.9600067,145.5,145.5599976,187566100
25/06/2025,154.1047363,154.3099976,154.4499969,149.2599945,149.2700043,269146500
26/06/2025,154.8138123,155.0200043,156.7200012,154,155.9799957,198145700
27/06/2025,157.5401764,157.75,158.7100067,155.2599945,156.0399933,263234500
30/06/2025,157.7798462,157.9900055,158.6600037,155.9600067,158.3999939,194580300
01/07/2025,153.0960846,153.3000031,157.1999969,151.4900055,156.2899933,213143600
02/07/2025,157.0408478,157.25,157.6000061,152.9700012,152.9799957,171224100
03/07/2025,159.1280518,159.3399963,160.9799957,157.7700043,158.3699951,143716100
07/07/2025,158.0295105,158.2400055,159.3099976,157.3399963,158.1999969,140139000
08/07/2025,159.7871704,160,160.2200012,158.3899994,159.3300018,138133000
09/07/2025,162.6633453,162.8800049,164.4199982,161.1600037,161.2200012,183656400
10/07/2025,163.8817291,164.1000061,164.5,161.6100006,164.3200073,167704100
11/07/2025,164.7006378,164.9199982,167.8899994,163.4700012,163.7200012,193633300
14/07/2025,163.8517761,164.0700073,165.4900055,162.0200043,165.3699951,136975800
15/07/2025,170.4729462,170.6999969,172.3999939,169.1999969,171.1900024,230627400
16/07/2025,171.1420593,171.3699951,171.75,168.8999939,171.0599976,158831500
17/07/2025,172.7698822,173,174.1600037,170.8300018,172.0200043,160841100
18/07/2025,172.1806793,172.4100037,174.25,171.2599945,173.6399994,146456400
21/07/2025,171.1520386,171.3800049,173.3800049,171,172.75,123126100
22/07/2025,166.8078308,167.0299988,171.3899994,164.5800018,171.3399963,193114300
23/07/2025,170.5528564,170.7799988,171.2599945,167.9700012,169.5299988,154082200
24/07/2025,173.5089264,173.7400055,173.8300018,171.3000031,172.4400024,128984600
25/07/2025,173.2692261,173.5,174.7200012,172.9600067,173.6100006,122316800
28/07/2025,176.5149078,176.75,177,173.9700012,174.0200043,140023500
29/07/2025,175.276535,175.5099945,179.3800049,175.0200043,177.9600067,154077500
30/07/2025,179.0315552,179.2700043,179.8899994,176.0399933,176.5099945,174312200
31/07/2025,177.6334229,177.8699951,183.3000031,175.9299927,182.8999939,221685400
01/08/2025,173.4889374,173.7200012,176.5399933,170.8899994,174.0899963,204529000
04/08/2025,179.7605743,180,180.1999969,174.5200043,175.1600037,148174600
05/08/2025,178.0228882,178.2599945,180.2599945,175.8999939,179.6199951,156407600
06/08/2025,179.1813507,179.4199982,179.8999939,176.25,176.3300018,137192300
07/08/2025,180.5295715,180.7700043,183.8800049,178.8000031,181.5700073,151878400
08/08/2025,182.4569855,182.6999969,183.3000031,180.3999939,181.5500031,123396700
11/08/2025,181.8178406,182.0599976,183.8399963,180.25,182.0500031,138323200
12/08/2025,182.9163818,183.1600037,184.4799957,179.4600067,182.9600067,145485700
13/08/2025,181.348465,181.5899963,183.9700012,179.3500061,182.6199951,179871700
14/08/2025,181.7778931,182.0200043,183.0200043,179.4600067,179.75,129554000
15/08/2025,180.2099762,180.4499969,181.8999939,178.0399933,181.8800049,156602200
18/08/2025,181.7678986,182.0099945,182.9400024,180.5899963,180.6000061,132008000
19/08/2025,175.4063873,175.6399994,182.5,175.4900055,182.4299927,185229200
20/08/2025,175.1667023,175.3999939,176,168.8000031,175.1699982,215142700
21/08/2025,174.7472382,174.9799957,176.8999939,173.8099976,174.8500061,140040900
22/08/2025,177.7532501,177.9900055,178.5899963,171.1999969,172.6100006,172789400
25/08/2025,179.5708313,179.8099976,181.9100037,176.5700073,178.3500061,163012800
26/08/2025,181.5282288,181.7700043,182.3899994,178.8099976,180.0599976,168688200
27/08/2025,181.3584595,181.6000061,182.4900055,179.1000061,181.9799957,235518900
28/08/2025,179.9303436,180.1699982,184.4700012,176.4100037,180.8200073,281787800
29/08/2025,173.9483032,174.1799927,178.1499939,173.1499939,178.1100006,243257900
02/09/2025,170.5528564,170.7799988,172.3800049,167.2200012,170,231164900
03/09/2025,170.3930511,170.6199951,172.4100037,168.8800049,171.0599976,164424900
04/09/2025,171.4316711,171.6600037,171.8600006,169.4100037,170.5700073,141670100
05/09/2025,166.7978516,167.0200043,169.0299988,164.0700073,168.0299988,224441400
08/09/2025,168.0861359,168.3099976,170.9600067,167.3500061,167.5500031,163769100
09/09/2025,170.5328674,170.7599945,170.9799957,166.7400055,169.0899963,157548400
10/09/2025,177.0941467,177.3300018,179.2899933,175.4700012,176.6399994,226852000
11/09/2025,176.9443054,177.1699982,180.2799988,176.4799957,179.6799927,151159300
12/09/2025,177.5935059,177.8200073,178.6000061,176.4499969,177.7700043,124911000
15/09/2025,177.5235748,177.75,178.8500061,174.5099945,175.6699982,147061600
16/09/2025,174.6572418,174.8800049,177.5,174.3800049,177,140737800
17/09/2025,170.0730743,170.2899933,173.1999969,168.4100037,172.6399994,211843800
18/09/2025,176.0155182,176.2400055,177.1000061,172.9600067,173.9799957,191763300
19/09/2025,176.4449463,176.6699982,178.0800018,175.1799927,175.7700043,237182100
22/09/2025,183.3761292,183.6100006,184.5500031,174.7100067,175.3000031,269637000
23/09/2025,178.202713,178.4299927,182.4199982,176.2100067,181.9700012,192559600
24/09/2025,176.7445679,176.9700012,179.7799988,175.3999939,179.7700043,143564100
25/09/2025,177.4636688,177.6900024,180.2599945,173.1300049,174.4799957,191586700
26/09/2025,177.963028,178.1900024,179.7700043,174.9299927,178.1699982,148573700
29/09/2025,181.6183624,181.8500061,184,180.3200073,180.4299927,193063500
30/09/2025,186.3423309,186.5800018,187.3500061,181.4799957,182.0800018,236981000
01/10/2025,187.0015106,187.2400055,188.1399994,183.8999939,185.2400055,173844900
02/10/2025,188.6493988,188.8899994,191.0500031,188.0599976,189.6000061,136805800
03/10/2025,187.3809967,187.6199951,190.3600006,185.3800049,189.1900024,137596900
06/10/2025,185.3036652,185.5399933,187.2299957,183.3300018,185.5,157678100
07/10/2025,184.8042908,185.0399933,189.0599976,184,186.2299957,140088000
08/10/2025,188.8691101,189.1100006,189.6000061,186.5399933,186.5700073,130168900
09/10/2025,192.324707,192.5700073,195.3000031,191.0599976,192.2299957,182997200
10/10/2025,182.9266968,183.1600037,195.6199951,182.0500031,193.5099945,268774400
13/10/2025,188.0801392,188.3200073,190.1100006,185.9600067,187.9700012,153482800
14/10/2025,179.8006744,180.0299988,184.8000031,179.6999969,184.7700043,205641400
15/10/2025,179.6009369,179.8300018,184.8699951,177.2899933,184.8000031,214450500
16/10/2025,181.5783997,181.8099976,183.2799988,179.7700043,182.2299957,179723300
17/10/2025,182.986618,183.2200012,184.1000061,179.75,180.1799927,173135200
20/10/2025,182.4073486,182.6399994,185.1999969,181.7299957,183.1300049,128544700
21/10/2025,180.929245,181.1600037,182.7899933,179.8000031,182.7899933,124240200
22/10/2025,180.050354,180.2799988,183.4400024,176.7599945,181.1399994,162249600
23/10/2025,181.9279633,182.1600037,183.0299988,179.7899933,180.4199982,111363700
24/10/2025,186.0227356,186.2599945,187.4700012,183.5,183.8399963,131296700
27/10/2025,191.2460938,191.4900055,192,188.4299927,189.9900055,153452700
28/10/2025,200.7739258,201.0299988,203.1499939,191.9100037,193.0500031,297986200
29/10/2025,206.7762756,207.0399933,212.1900024,204.7799988,207.9799957,308829600
30/10/2025,202.6315613,202.8899994,206.1600037,201.4100037,205.1499939,178864400
31/10/2025,202.2320709,202.4900055,207.9700012,202.0700073,206.4499969,179802200
03/11/2025,206.6164856,206.8800049,211.3399963,205.5599976,208.0800018,180267300
04/11/2025,198.4369049,198.6900024,203.9700012,197.9299927,203,188919300
05/11/2025,194.9613495,195.2100067,202.9199982,194.6499939,198.7700043,171350300
06/11/2025,187.8404388,188.0800018,197.6199951,186.3800049,196.4199982,223029800
07/11/2025,187.9103088,188.1499939,188.3200073,178.9100037,184.8999939,264942300
10/11/2025,198.796463,199.0500031,199.9400024,193.7899933,195.1100006,198897100
11/11/2025,192.9139557,193.1600037,195.4199982,191.3000031,195.1600037,176483300
12/11/2025,193.5531311,193.8000031,195.8899994,191.1300049,195.7200012,154935300
13/11/2025,186.6219788,186.8600006,191.4400024,183.8500061,191.0500031,207423100
14/11/2025,189.9277496,190.1699982,191.0099945,180.5800018,182.8600006,186591900
17/11/2025,186.3623199,186.6000061,189,184.3200073,185.9700012,173628900
18/11/2025,181.1289978,181.3600006,184.8000031,179.6499939,183.3800049,213598900
19/11/2025,186.2824097,186.5200043,187.8600006,182.8300018,184.7899933,247246400
20/11/2025,180.4098969,180.6399994,196,179.8500061,195.9499969,343504800
21/11/2025,178.6521454,178.8800049,184.5599976,172.9299927,181.2400055,346926200
24/11/2025,182.3174744,182.5500031,183.5,176.4799957,179.4900055,256618300
25/11/2025,177.5935059,177.8200073,178.1600037,169.5500031,174.9100037,320600300
26/11/2025,180.030365,180.2599945,182.9100037,178.2400055,181.6300049,183852000
28/11/2025,176.7745361,177,179.2899933,176.5,179.0099945,121332800
01/12/2025,179.6908112,179.9199982,180.3000031,173.6799927,174.7599945,188131000
02/12/2025,181.2288666,181.4600067,185.6600037,180,181.7599945,182632200
03/12/2025,179.3612518,179.5899963,182.4499969,179.1100006,181.0800018,165138000
04/12/2025,183.156601,183.3800049,184.5200043,179.9600067,181.6199951,167364900
05/12/2025,182.1877899,182.4100037,184.6600037,180.9100037,183.8899994,143971100
08/12/2025,185.3239746,185.5500031,188,182.3999939,182.6399994,204378100
09/12/2025,184.7446747,184.9700012,185.7200012,183.3200073,185.5599976,144719700
10/12/2025,183.5561218,183.7799988,185.4799957,182.0399933,184.9700012,162785400
11/12/2025,180.7095795,180.9299927,181.3200073,176.6199951,180.2799988,182136600
12/12/2025,174.8067932,175.0200043,182.8200073,174.6199951,181.1100006,204274900
15/12/2025,176.0752258,176.2899933,178.4199982,175.0299988,177.9400024,164775600
16/12/2025,177.5034943,177.7200012,178.4900055,174.8999939,176.2599945,148588100
17/12/2025,170.7317505,170.9400024,176.1300049,170.3099976,176.1000061,222775500
18/12/2025,173.9278564,174.1399994,176.1499939,171.8200073,174.5299988,176096000
19/12/2025,180.7695313,180.9900055,181.4499969,176.3399963,176.6699982,324925900
22/12/2025,183.4662323,183.6900024,184.1600037,182.3500061,183.9199982,129064400
23/12/2025,188.9795227,189.2100067,189.3300018,182.8999939,182.9700012,174873600
24/12/2025,188.3802338,188.6100006,188.9100037,186.5899963,187.9400024,65528500
26/12/2025,190.2978973,190.5299988,192.6900024,188,189.9199982,139740300
29/12/2025,187.9907074,188.2200012,188.7599945,185.9100037,187.7100067,120006100
30/12/2025,187.3115387,187.5399933,188.9900055,186.9299927,188.2400055,97687300
31/12/2025,186.2727966,186.5,190.5599976,186.4900055,189.5700073,120100500
02/01/2026,188.6199493,188.8500061,192.9299927,188.2599945,189.8399963,148240500
05/01/2026,187.8908386,188.1199951,193.6300049,186.1499939,191.7599945,183529700
06/01/2026,187.0119171,187.2400055,192.1699982,186.8200073,190.5200043,176862600
07/01/2026,188.8796234,189.1100006,191.3699951,186.5599976,188.5700073,153543200
08/01/2026,184.8145752,185.0399933,189.5500031,183.7100067,189.1100006,172457000
09/01/2026,184.6347961,184.8600006,186.3399963,183.6699982,185.0800018,131327500
12/01/2026,184.7147064,184.9400024,187.1199951,183.0200043,183.2200012,137968500
13/01/2026,185.5836487,185.8099976,188.1100006,183.3999939,185,160128900
14/01/2026,182.9169006,183.1399994,184.4600067,180.8000031,184.3200073,159586100
15/01/2026,186.8221283,187.0500031,189.6999969,186.3300018,186.5,206188600
16/01/2026,186.0031281,186.2299957,190.4400024,186.0800018,189.0800018,187967200
20/01/2026,177.8530884,178.0700073,182.3800049,177.6100006,181.8999939,223345300
21/01/2026,183.0966949,183.3200073,185.3800049,178.3999939,179.0500031,200381000
22/01/2026,184.6148224,184.8399963,186.1699982,183.9299927,184.75,139636600
23/01/2026,187.4413757,187.6699982,189.6000061,186.8200073,187.5,142748100
26/01/2026,186.2428436,186.4700012,189.1199951,185.9900055,187.1600037,124799600
27/01/2026,188.2903442,188.5200043,190,185.6999969,187.2400055,143711600
28/01/2026,191.2866821,191.5200043,192.3500061,189.8399963,191.2700043,148552700
29/01/2026,192.2754822,192.5099945,193.4799957,186.0599976,191.3399963,171764400
30/01/2026,190.897171,191.1300049,194.4900055,189.4700012,191.2100067,179489500
02/02/2026,185.3838806,185.6100006,190.3000031,184.8800049,187.1999969,165794100
03/02/2026,180.1203003,180.3399963,186.2700043,176.2299957,186.2400055,204019600
04/02/2026,173.9778137,174.1900024,179.5800018,171.9100037,179.4600067,207014100
05/02/2026,171.6706238,171.8800049,176.8200073,171.0299988,174.9299927,206312900
06/02/2026,185.1841431,185.4100037,187,174.6000061,176.6900024,231346200
09/02/2026,189.8084869,190.0399933,193.6600037,183.9499969,184.2599945,196387400
10/02/2026,188.310318,188.5399933,192.4799957,188.1199951,191.3800049,136764800
11/02/2026,189.8184967,190.0500031,193.2599945,188.7700043,192.4499969,144192700
12/02/2026,186.7122803,186.9400024,193.6100006,186.5099945,193.0299988,189932500
13/02/2026,182.5872955,182.8099976,187.5,181.5899963,187.4799957,161888000
17/02/2026,184.7446747,184.9700012,187.1499939,179.1799927,181.75,162276900
18/02/2026,187.7509918,187.9799957,190.3699951,186.7599945,188.75,164749100
19/02/2026,187.6710968,187.8999939,188.4299927,185.6600037,187.0599976,126554500
20/02/2026,189.5887756,189.8200073,190.3300018,185.9400024,186.5700073,178422300
23/02/2026,191.3166504,191.5500031,193.9499969,189.5800018,191.3999939,171584800
24/02/2026,192.6150818,192.8500061,193.7700043,187.3999939,191.4900055,175123600
25/02/2026,195.3217621,195.5599976,197.6300049,193.7899933,194.4499969,250637100
26/02/2026,184.6647644,184.8899994,194.2899933,184.3200073,194.2700043,360807900
27/02/2026,176.9741516,177.1900024,182.5899963,176.3800049,181.25,311636500
02/03/2026,182.2577057,182.4799957,183.4600067,174.6399994,175.0099945,209095300
03/03/2026,179.830658,180.0500031,180.8999939,176.9199982,178.4900055,178099400
04/03/2026,182.8170166,183.0399933,184.6999969,180.0599976,180.4400024,177731200
05/03/2026,183.1166382,183.3399963,184.0599976,177.8800049,181.1699982,198779700
06/03/2026,177.6033936,177.8200073,182.7599945,176.8200073,179.8399963,189021900
09/03/2026,182.4274902,182.6499939,182.9100037,175.5599976,176.8300018,177213600
10/03/2026,184.5449066,184.7700043,186.4400024,182.0099945,182.3999939,179118500
11/03/2026,185.8134308,186.0299988,187.6199951,184.4499969,185.9100037,145280400
12/03/2026,182.9268036,183.1399994,184.9400024,181.75,184.0500031,155762700
13/03/2026,180.0401611,180.25,186.0899963,179.9400024,184.9199982,160988400
16/03/2026,183.0067139,183.2200012,188.8800049,181.4100037,182.9700012,217307400
17/03/2026,181.7182007,181.9299927,185.3999939,181.6799927,185.0599976,182497800
18/03/2026,180.1899872,180.3999939,183.3800049,180.3300018,182.4799957,156683100
19/03/2026,178.3521271,178.5599976,179.9799957,175.7899933,178.0099945,170968500
20/03/2026,172.4989471,172.6999969,178.2599945,171.7200012,178,241323500
23/03/2026,175.4355316,175.6399994,178.3699951,174.7599945,177.2599945,182836300
24/03/2026,174.9960327,175.1999969,176.2200012,173.9799957,174.8300018,147667800
25/03/2026,178.4719849,178.6799927,181.2200012,176.8500061,177.1000061,162602100
26/03/2026,171.0406647,171.2400055,176.5099945,171.1399994,176.0700073,186152200
27/03/2026,167.3249817,167.5200043,170.9700012,167.0099945,170,196212700
30/03/2026,164.9777222,165.1699982,169.4499969,164.2700043,168.7799988,185627000
31/03/2026,174.1969757,174.3999939,174.6199951,166.9600067,166.9700012,226181300
01/04/2026,175.5454102,175.75,177.3699951,174.75,176,168132000
02/04/2026,177.1834869,177.3899994,177.4900055,171.3699951,172.1799927,143143200
06/04/2026,177.433197,177.6399994,177.7899933,175.7599945,177.1600037,107564300
07/04/2026,177.8926697,178.1000061,178.2299957,173.6600037,175.7299957,132534900
08/04/2026,181.868042,182.0800018,185.2599945,180.3000031,184.5,147732700
09/04/2026,183.6959076,183.9100037,184.0800018,180.6199951,181.8399963,116428500
10/04/2026,188.4104156,188.6300049,190,184.3000031,184.3099976,160459500
13/04/2026,189.0896149,189.3099976,189.6600037,185.7400055,186.0299988,133648200
14/04/2026,196.2812347,196.5099945,196.5099945,190.7700043,190.8399963,161307000
15/04/2026,198.6384888,198.8699951,200.3999939,195.7400055,196.5399933,185338400
16/04/2026,198.1190948,198.3500061,199.8500061,195.8099976,197.4299927,134012900
17/04/2026,201.4452057,201.6799927,201.6999969,199.2700043,199.8999939,160324400
20/04/2026,201.8247681,202.0599976,202.1699982,197.8399963,199.9799957,119381400
21/04/2026,199.6473236,199.8800049,202.75,199,202.1300049,107945300
22/04/2026,202.264267,202.5,202.5,199,200.9900055,107501000
23/04/2026,199.4075928,199.6399994,203.8300018,197.2200012,202.4600067,113561800
24/04/2026,208.0275421,208.2700043,210.9499969,199.8099976,199.9600067,214134400
27/04/2026,216.3578339,216.6100006,216.8300018,207.3800049,209.6499939,187172400
28/04/2026,212.9218445,213.1699982,214.7299957,208.1999969,209.4900055,180275400
29/04/2026,209.0064087,209.25,212.7200012,207.5800018,212.6999969,123711800
30/04/2026,199.337677,199.5700073,210.3000031,198.6999969,209.9299927,225239200
01/05/2026,198.2189789,198.4499969,203,197.1199951,201.2799988,128647000
04/05/2026,198.2489319,198.4799957,201.7299957,194.7400055,199.5,125368100
05/05/2026,196.2712402,196.5,200.2400055,196.0299988,199.3000031,113406600
06/05/2026,207.5880585,207.8300018,208.2700043,198.6100006,199.8899994,188362800
07/05/2026,211.2537842,211.5,214.1999969,206.5,208.3399963,168307900
08/05/2026,214.9494781,215.1999969,217.8000031,212.8899994,213.0299988,136421400
11/05/2026,219.1845398,219.4400024,222.3000031,213.8899994,214.0399933,160685800
12/05/2026,220.5229797,220.7799988,223.75,214.9199982,218.5500031,159176600
13/05/2026,225.5671082,225.8300018,227.8399963,221.5700073,224.9299927,150405400
14/05/2026,235.4655762,235.7400055,236.5399933,229.3000031,229.8500061,180782900
15/05/2026,225.0577087,225.3200073,231.5,224.2400055,229.7599945,180977600
18/05/2026,222.061203,222.3200073,230,218.3699951,229.8699951,146280900
19/05/2026,220.3531799,220.6100006,224.4799957,217.9100037,219.6199951,140948200
20/05/2026,223.2098541,223.4700012,226.1300049,220.5,223.1799927,184201600
21/05/2026,219.2544556,219.5099945,227.3999939,217.9299927,222.2899933,203381800
22/05/2026,215.0793304,215.3300018,221.0099945,214.8000031,220.8999939,169275700
26/05/2026,214.6098785,214.8600006,218.1799927,212,216.5399933,187202600
27/05/2026,212.3525085,212.6000061,214.1499939,208.7799988,214.1199951,167601200
28/05/2026,214.0005798,214.25,215.5200043,211.2200012,211.2799988,143996000
29/05/2026,210.8942108,211.1399994,217.8600006,211.1300049,214.5800018,289410600
01/06/2026,224.0988159,224.3600006,224.8699951,215.6999969,215.7299957,212850700
02/06/2026,222.5606079,222.8200073,232.2799988,221.3500061,227.1799927,193362900
03/06/2026,214.5,214.75,222.8200073,214.5099945,221.7200012,160907000
04/06/2026,218.6600037,218.6600037,221.6000061,210.9700012,213.9100037,169022200
05/06/2026,205.1000061,205.1000061,214.8699951,204.3300018,214.5299988,219655500
08/06/2026,208.6399994,208.6399994,210.4700012,206,210.1799927,138372800
09/06/2026,208.1900024,208.1900024,211.3999939,199.3399963,210.6199951,180962500
10/06/2026,200.4199982,200.4199982,207.2200012,199.9199982,204.4299927,161746600
11/06/2026,204.8699951,204.8699951,205.6600037,199.5399933,201.4900055,158643200
12/06/2026,205.1900024,205.1900024,207.0700073,203.4400024,204.8600006,112001800
15/06/2026,212.4499969,212.4499969,212.7100067,208.3399963,208.9199982,149936700
16/06/2026,207.4100037,207.4100037,211.4900055,207.2899933,211.1799927,125694100
17/06/2026,204.6499939,204.6499939,209.2100067,203.0800018,208.5299988,128363500
18/06/2026,210.6900024,210.6900024,211.3899994,206.5,207.3300018,241272000
22/06/2026,208.6499939,208.6499939,213.9900055,207.7200012,211.4400024,122041400
23/06/2026,200.0399933,200.0399933,203.7700043,200,202.1699982,153496200
24/06/2026,199,199,201.6699982,196.5800018,200.1199951,151810700
25/06/2026,195.7400055,195.7400055,200.8000031,192.1300049,200.0800018,149550000
26/06/2026,192.5299988,192.5299988,195.5500031,191.2200012,193.1199951,179304100
29/06/2026,194.9700012,194.9700012,196.1799927,189.8000031,193.8500061,148835700
30/06/2026,200.0899963,200.0899963,200.6300049,195.1100006,197.2400055,166476700
01/07/2026,197.5800018,197.5800018,199.8500061,193.4499969,196.1999969,146147600
02/07/2026,194.8300018,194.8300018,200.0599976,192.3500061,197.1399994,142068700
06/07/2026,195.5500031,195.5500031,197.5500031,193.9900055,194.4199982,108999000
07/07/2026,196.9299927,196.9299927,198.4100037,191.1399994,192.3699951,124154600
08/07/2026,204.1199951,204.1199951,205.1600037,195.0599976,195.1799927,147419100
09/07/2026,202.7799988,202.7799988,204.5899963,198.9600067,204.4600067,132037400
10/07/2026,210.9600067,210.9600067,211,201.9199982,202,148421000
13/07/2026,203.5299988,203.5299988,210.5700073,203,208.5399933,121411000
14/07/2026,211.8000031,211.8000031,212.5500031,203.8000031,208.1999969,124379600
15/07/2026,212.5,212.5,213.8099976,206.0399933,211.9600067,124797200
16/07/2026,207.3999939,207.3999939,211.0800018,205.8500061,210.1699982,122986100
17/07/2026,202.8099976,202.8099976,206.6499939,197.9700012,202.6399994,144281900
20/07/2026,203.2799988,203.2799988,207.7400055,202.2799988,205.8699951,88701500
21/07/2026,207.2899933,207.2899933,208.6499939,204.0099945,207.5399933,108685600
22/07/2026,212.0599976,212.0599976,214.3899994,204.9499969,205.8099976,137645600
23/07/2026,208.7599945,208.7599945,210.8699951,205.9600067,209.4600067,110505300
24/07/2026,206.8399963,206.8399963,211.9100037,204.8099976,207.4499969,114836800
27/07/2026,196.5099945,196.5099945,208.75,195.4400024,208.1999969,154353700
28/07/2026,197.0099945,197.0099945,198.6999969,192.7400055,195,134111500
29/07/2026,190.0099945,190.0099945,197.0700073,190.0099945,195.8500061,147680800
30/07/2026,195.0399933,195.0399933,197.25,191.5200043,193.4499969,129010200
31/07/2026,200.75,200.75,202,194.9499969,198.4400024,139961200
03/08/2026,206.6399994,206.6399994,208.7400055,196.8500061,197.6900024,128406900
04/08/2026,211.9400024,211.9400024,213.0599976,209.0500031,211.3000031,134922000
05/08/2026,219.2200012,219.2200012,222.2200012,216.3999939,216.8600006,158187400
06/08/2026,218.9900055,218.9900055,223.6300049,217,221.5299988,113940600
07/08/2026,223.9600067,223.9600067,224.7599945,220.6600037,221.5399933,105669400
10/08/2026,217.5500031,217.5500031,224.1399994,216.7700043,223.3999939,115846600
11/08/2026,217.5,217.5,222.1999969,216.1999969,222.1699982,101273100
12/08/2026,224.0899963,224.0899963,225.1000061,220.1999969,221.0399933,108783600
13/08/2026,225.3000031,225.3000031,227.2299957,223.7100067,225.0599976,98867200
14/08/2026,225.1600037,225.1600037,227.4900055,224.5,226.7700043,75680900
17/08/2026,225.0099945,225.0099945,227.9199982,224.8600006,225.9799957,93678700
18/08/2026,219.7400055,219.7400055,221.6399994,218.6900024,220.4499969,103128200
19/08/2026,217.5599976,217.5599976,222.8699951,216.7599945,221.6699982,96797300
20/08/2026,216.8500061,216.8500061,219.8600006,215.6600037,218.3600006,92457000
21/08/2026,214.7200012,214.7200012,218.7400055,214.5,218.4199982,98545600
